,name,contact number,address1,address2,website
0,Davidson Affordable Housing,+1 718-731-9807,"1765 Davidson Ave, The Bronx, NY 10453, United States","R3XP+GQ New York, United States",+1 718-731-9807
1,Foxy Management,+1 718-993-6737,"500 Trinity Ave, The Bronx, NY 10455, United States","R36R+R3 The Bronx, New York, United States",foxymanagement.com
2,Acacia Network: Affordable Housing - Property Management,+1 718-299-1100 ext. 1021,"1794 Anthony Ave, The Bronx, NY 10457, United States","R3WW+FH The Bronx, New York, United States",acacianetwork.org
3,Weinberg Apartments,+1 718-519-0152,"2275 Olinville Ave, The Bronx, NY 10467, United States","V45J+XF New York, United States",bethabrahamhealthservices.org
4,Highbridge Community HDFC,+1 718-293-3100,"1465 Nelson Ave, The Bronx, NY 10452, United States","R3VH+HF New York, United States",highbridgecdc.com
5,Lemle & Wolff,+1 718-991-7354,"1051 Boston Rd, The Bronx, NY 10456, United States","R3GV+JG New York, United States",lemlewolff.com
6,"Lemle & Wolff, Inc.",+1 718-884-7676,"5925 Broadway, The Bronx, NY 10463, United States","V4Q2+65 The Bronx, New York, United States",lemlewolff.com
7,Lemle & Wolff Inc,+1 718-884-7676,"2201 Walton Ave, The Bronx, NY 10453, United States","V34W+PC New York, United States",lemlewolff.com
8,South Bronx Community Management,+1 718-402-7702,"2804 3rd Ave #4, The Bronx, NY 10455, United States","R38J+4G New York, United States",+1 718-402-7702
9,"Innovative Property Management & Development, Inc.",+1 718-552-2895,"796-798 Westchester Ave, The Bronx, NY 10455, United States","R39W+9G The Bronx, New York, United States",ipmdevelopment.com
10,West Farms Estates,+1 718-893-8796,"1025 Freeman St, The Bronx, NY 10459, United States","R4H7+J8 New York, United States",metreal.com
11,Belmont Realty- Fordham U. Student Housing,+1 914-761-0827,"2505 Lorillard Pl, The Bronx, NY 10458, United States","V457+H2 The Bronx, New York, United States",belmontstudenthousing.com
12,Brook Avenue Housing,+1 646-731-3400,"455 E 148th St, The Bronx, NY 10455, United States","R37M+RJ New York, United States",breakingground.org
13,Acacia Network: Transitional Housing Millennium Next Step Facility,+1 718-542-7211 ext. 17,"980 Prospect Ave, The Bronx, NY 10459, United States","R4F2+C4 The Bronx, New York, United States",acacianetwork.org
14,MBD Community Housing Corporation,+1 718-842-0256,"1762 Boston Rd, The Bronx, NY 10460, United States","R4P7+X4 The Bronx, New York, United States",mbdhousing.org
15,"Twin Parks, LP",+1 718-367-7900,"735 E Garden St, The Bronx, NY 10457, United States","V428+52 New York, United States",reliantrs.com
16,Prestige Management Inc,+1 718-328-6050,"729 E 168th St, The Bronx, NY 10456, United States","R3HX+V7 New York, United States",prestigemgt.com
17,C+C Apartment Management LLC,+1 212-348-3248,"1735 Park Ave #300, New York, NY 10035, United States","R325+RQ New York, United States",ccmanagers.com
18,LAL Property Management,+1 718-601-1414,"3190 Riverdale Ave, The Bronx, NY 10463, United States","V3JR+XM New York, United States",lalproperties.com
19,West 116th Street Associates LLC,+1 212-348-3248,"1428 5th Ave #1, New York, NY 10035, United States","R323+GC New York, United States",ccmanagers.com
20,PRC Management Corporation,+1 718-220-8648,"2431 Belmont Ave, The Bronx, NY 10458, United States","V447+6M New York, United States",+1 718-220-8648
21,Fox Street Apartments LP,+1 718-542-9827,"737 Fox St, The Bronx, NY 10455, United States","R482+39 New York, United States",+1 718-542-9827
22,Beth Abraham Housing -- Weinberg Gardens,+1 718-519-0152,"2260 Barker Ave, The Bronx, NY 10467, United States","V45J+W8 New York, United States",bethabrahamhealthservices.org
23,K&R Realty Management,+1 212-360-5092,"316 W 118th St, New York, NY 10026, United States","R24V+9Q New York, United States",gonofee.com
24,Riverbay Corporation,+1 718-320-3300,"2049 Bartow Ave, The Bronx, NY 10475, United States","V59C+X7 The Bronx, New York, United States",riverbaycorp.com
25,1018 Development Co,+1 718-893-3505,"1022 E 163rd St, The Bronx, NY 10459, United States","R4C5+73 New York, United States",+1 718-893-3505
26,Melrose Court Condominium Corporation,+1 718-401-1231,"811 St Ann's Ave # A, The Bronx, NY 10456, United States","R3CQ+8X New York, United States",+1 718-401-1231
27,New York City Housing Authority's West Farms Square MHOP,+1 718-274-5000,"1252 W Farms Rd, The Bronx, NY 10459, United States","R4H6+GV The Bronx, New York, United States",nyc.gov
28,Boston Secor Houses,+1 718-671-2050,"3570 Bivona St, The Bronx, NY 10475, United States","V5M8+8V New York, United States",+1 718-671-2050
29,New York City Housing Authority,+1 718-409-8620,"1200 Waters Pl #2, The Bronx, NY 10461, United States","V537+46 New York, United States",nyc.gov
30,Bronx Pro Group,+1 718-294-5840,"Front Office, 1605 Dr Martin Luther King Jr Blvd, The Bronx, NY 10453, United States","R3WH+XR The Bronx, New York, United States",bronxprogroup.com
31,SimplyBetter,+1 917-801-2011,"1075 Gerard Ave, The Bronx, NY 10452, United States","R3JH+X4 The Bronx, New York, United States",simplybetterapthomes.com
32,The Grand,+1 718-713-1090,"1770 Grand Concourse, The Bronx, NY 10457, United States","R3WR+84 The Bronx, New York, United States",goldfarbproperties.com
33,PRC Management Corporation,+1 718-893-1852,"1240 Westchester Ave, The Bronx, NY 10459, United States","R4G6+FJ New York, United States",+1 718-893-1852
34,Vía Verde New York,+1 917-374-3441,"700 Brook Ave, The Bronx, NY 10455, United States","R39Q+J2 New York, United States",+1 917-374-3441
35,New York City Housing Authority's Gun Hill,+1 718-547-1700,"731 Magenta St, The Bronx, NY 10467, United States","V4GM+5R The Bronx, New York, United States",nyc.gov
36,New Settlement Apartments,+1 718-716-8000,"1512 Townsend Ave, The Bronx, NY 10452, United States","R3RP+R3 New York, United States",settlementhousingfund.org
37,C & C Management Co,+1 212-665-2955,"270 W 123rd St, New York, NY 10027, United States","R25X+F6 New York, United States",ccmanagers.com
38,Fordham Bedford Housing Corporation,+1 718-584-5882,"303 E 188th St, The Bronx, NY 10458, United States","V464+2F New York, United States",fordham-bedford.org
39,Michelangelo Apartments,+1 718-993-8307,"225 E 149th St, The Bronx, NY 10451, United States","R39G+95 New York, United States",+1 718-993-8307
40,Boricua Village LLC,+1 718-402-9080,"3213 3rd Ave, The Bronx, NY 10451, United States","R3FR+76 New York, United States",+1 718-402-9080
41,Bronx River Houses,+1 718-842-9250,"1605 E 174th St, The Bronx, NY 10472, United States","R4MF+V7 The Bronx, New York, United States",nyc.gov
42,New York City Housing Authority's Highbridge Rehabs (Nelson Avenue),+1 718-274-5000,"1139 Nelson Ave, The Bronx, NY 10452, United States","R3PF+F8 The Bronx, New York, United States",nyc.gov
43,Tracey Towers,+1 718-220-6767,"40 W Mosholu Pkwy S, The Bronx, NY 10468, United States","V4H7+QG The Bronx, New York, United States",+1 718-220-6767
44,Fordham Bedford Housing Corporation,+1 718-364-8073,"2324 Davidson Ave, The Bronx, NY 10468, United States","V35W+Q8 New York, United States",fordham-bedford.org
45,Bronx Housing Authority,+1 718-993-2620,"1162 Washington Ave, The Bronx, NY 10456, United States","R3JV+24 New York, United States",nyc.gov
46,Union Bronx Housing Authority,+1 718-991-5570,"881 Rev James A Polite Ave #1, The Bronx, NY 10459, United States","R492+X8 New York, United States",nyc.gov
47,Parkchester Preservation Management,+1 718-536-2000,"2000 E Tremont Ave, The Bronx, NY 10462, United States","R4RR+H2 The Bronx, New York, United States",parkchesternyc.com
48,Glenwood- Briar Hill Luxury Apartments,+1 718-796-3232,"600 W 246th St, The Bronx, NY 10471, United States","V3RQ+RR The Bronx, New York, United States",glenwoodnyc.com
49,Stevenson Commons,+1 718-589-1900,"755 White Plains Rd # 1, The Bronx, NY 10473, United States","R4CR+9J New York, United States",stevensoncommons.com
50,Bronx Housing Authority,+1 718-432-5381,"2663 Heath Ave, The Bronx, NY 10463, United States","V3CV+4F New York, United States",nyc.gov
51,Riverdale Housing For-Elderly,+1 718-432-1234,"6477 Broadway, The Bronx, NY 10471, United States","W433+Q8 New York, United States",+1 718-432-1234
52,Mi Casa 2 Realty Corp,+1 718-931-8888,"1737 White Plains Rd, The Bronx, NY 10462, United States","R4VM+VG The Bronx, New York, United States",+1 718-931-8888
53,Morris Court Apartment,+1 347-270-2770,"271 E 164th St, The Bronx, NY 10456, United States","R3HM+99 New York, United States",+1 347-270-2770
54,Fordham Bedford Housing Corporation,+1 718-584-5857,"2789 Valentine Ave, The Bronx, NY 10458, United States","V495+CH New York, United States",fordham-bedford.org
55,Hudson House,Add phone number,"3247 Johnson Ave, The Bronx, NY 10475, United States","V3MQ+XR New York, United States",riverspringhealth.org
56,"City Dimensions Construction Service Inc. - Affordable, Reliable, Quality Remodeling, Small Bathroom, Shed Retailer, Sheetrock",Add phone number,,,
57,Beth Abraham Housing -- Scheuer Plaza,+1 718-519-0152,"2505 Barker Ave, The Bronx, NY 10467, United States","V47J+C5 The Bronx, New York, United States",bethabrahamhealthservices.org
58,NYC Housing Authority,+1 718-731-8501,"1491 Montgomery Ave, The Bronx, NY 10453, United States","R3XH+4H New York, United States",nyc.gov
59,Stagg Group,+1 914-668-7600,"1763 Pitman Ave, The Bronx, NY 10466, United States","V4WX+6M New York, United States",stagggroupny.com
60,The Lenniger Residences,+1 212-624-1471,"623 E 179th St, The Bronx, NY 10457, United States","R4X5+3C New York, United States",breakingground.org
61,West Side Federation-Senior Housing,+1 212-663-0001,"11 W 102nd St, New York, NY 10025, United States","Q2WP+9W New York, United States",wsfssh.org
62,Community Access,+1 917-477-7280,"1710 Vyse Ave, The Bronx, NY 10460, United States","R4P7+JH New York, United States",communityaccess.org
63,New York City Housing Authority's Eastchester Gardens,+1 718-547-7033,"1130 Burke Ave, The Bronx, NY 10469, United States","V4CW+89 The Bronx, New York, United States",nyc.gov
64,Westchester Point,+1 718-579-8721,"899 Westchester Ave, The Bronx, NY 10459, United States","R3CX+8X New York, United States",westchesterpoint.com
65,Related Management,+1 212-600-4431,"255 W 94th St, New York, NY 10025, United States","Q2VG+FP New York, United States",related.com
66,Janus Partners LLC,+1 212-932-2388,"423 W 127th St, New York, NY 10025, United States","R27W+98 New York, United States",janusproperty.com
67,Pelham Terrace,+1 718-713-1090,"1540 Pelham Pkwy S, The Bronx, NY 10461, United States","V545+JF The Bronx, New York, United States",goldfarbproperties.com
68,Project  Renewal Fletcher Residence & Renewal House,+1 718-584-7063,"491 Fletcher Pl, The Bronx, NY 10457, United States","V434+MH The Bronx, New York, United States",projectrenewal.org
69,Mins Plaza Housing Corporation,+1 718-292-3718,"443 St Ann's Ave, The Bronx, NY 10455, United States","R36P+Q5 New York, United States",+1 718-292-3718
70,The Upton NY,+1 646-915-1952,"370 E 162nd St, The Bronx, NY 10451, United States","R3FM+WW New York, United States",theuptonny.com
71,Prestige Management,+1 212-694-0855,"237 W 145th St, New York, NY 10039, United States","R3F5+2M New York, United States",prestigemgt.com
72,Lemor Realty Corporation,+1 212-281-2714,"167 W 145th St, New York, NY 10039, United States","R3C6+JH New York, United States",lemorrealty.com
73,New York City Housing Authority's Twin Parks West (Sites 1 & 2),+1 718-364-6900,"365 Ford St, The Bronx, NY 10458, United States","V443+G9 The Bronx, New York, United States",nyc.gov
74,Lettire Construction,+1 718-402-2104,"880 Tinton Ave, The Bronx, NY 10456, United States","R3CW+FH New York, United States",lettire.com
75,Daniel Nickerson Arms,Add phone number,"445 E 171st St, The Bronx, NY 10457, United States","R3QW+6C New York, United States",
76,New York City Housing Authority's Soundview,+1 718-842-2270,"1720 Seward Ave, The Bronx, NY 10473, United States","R49M+87 The Bronx, New York, United States",nyc.gov
77,New York City Housing Authority's Soundview,+1 718-842-2270,"1720 Seward Ave, The Bronx, NY 10473, United States","R49M+87 The Bronx, New York, United States",nyc.gov
78,New York City Housing Authority's Eagle Avenue-East 163rd Street,+1 718-991-0300,"905 Eagle Ave, The Bronx, NY 10456, United States","R3FR+6M The Bronx, New York, United States",nyc.gov
79,Alvin Malcolm Senior Residence,+1 718-231-0868,"720 E 221st St, The Bronx, NY 10467, United States","V4MQ+RG New York, United States",+1 718-231-0868
80,Bronx Housing Authority,+1 718-901-0600,"1925 Harrison Ave, The Bronx, NY 10453, United States","V33Q+JP New York, United States",nyc.gov
81,New West 111 Street Apartments,+1 212-369-8737,"24 W 111th St # 1E, New York, NY 10026, United States","Q2XX+5V New York, United States",+1 212-369-8737
82,Joy Construction Corporation,+1 718-655-5511,"3160 Webster Ave, The Bronx, NY 10467, United States","V4CG+X2 New York, United States",joyconstructionnyc.com
83,Wavecrest Management,+1 212-368-8869,"640 Riverside Dr, New York, NY 10031, United States","R2FW+XC New York, United States",wavecrestmanagement.com
84,Welcome2Melrose,+1 347-926-3576,"700 Melrose Ave, The Bronx, NY 10455, United States","R39M+XM The Bronx, New York, United States",welcome2melrose.com
85,Loganplaza,+1 212-281-1750,"1425 Amsterdam Ave, New York, NY 10027, United States","R28W+99 New York, United States",+1 212-281-1750
86,Hancock Place Apartments,+1 212-222-9846,"350 W 124th St, New York, NY 10027, United States","R26W+49 New York, United States",+1 212-222-9846
87,Thessalonica Court Associates,+1 718-402-3200,"350 St Ann's Ave # 1, The Bronx, NY 10454, United States","R35M+QV New York, United States",+1 718-402-3200
88,The Tapestry,+1 718-569-5912,"E 124th St, New York, NY 10035, United States","R328+X6 New York, United States",tapestry124.com
89,The Residences at PS 186,Add phone number,"526 W 146th St, New York, NY 10031, United States","R3G2+FG New York, United States",lemlewolff.com
90,Related Properties,+1 212-585-0086,"240 East 86th St, New York, NY 10028, United States","Q2HW+5W New York, United States",related.com
91,West End Towers,+1 212-333-2040,"75 W 75th St, New York, NY 10023, United States","Q2F6+M7 New York, United States",brodsky.com
92,WHGA Harriet Tubman Apartments,+1 212-690-2550,"140 W 142nd St, New York, NY 10030, United States","R396+J7 New York, United States",+1 212-690-2550
93,Riverton Square,+1 212-234-7500,"2156 Madison Ave, New York, NY 10037, United States","R377+9P New York, United States",riverton-square.com
94,Trinity House,+1 212-724-1313,"100 W 92nd St, New York, NY 10025, United States","Q2RH+4V New York, United States",+1 212-724-1313
95,Student Housing Works,+1 908-977-6253,"850 West End Ave, New York, NY 10025, United States","Q2XH+FV New York, United States",studenthousingworks.com
96,Marine Terrace,+1 718-726-9614,"2024 21st St, Astoria, NY 11105, United States","Q3MP+RG New York, United States",+1 718-726-9614
97,One Columbus Place,+1 212-863-3000,"1 Columbus Pl, New York, NY 10019, United States","Q297+PR New York, United States",+1 212-863-3000
98,The Westport Luxury Apartments,+1 646-992-4141,"500 W 56th St, New York, NY 10019, United States","Q296+76 New York, United States",relatedrentals.com
99,Enclave at the Cathedral,+1 212-969-0400,"400 W 113th St, New York, NY 10025, United States","R23Q+M9 New York, United States",brodsky.com
