,name,contact number,address1,address2,website
0,Distinctive Affordable Housing Solutions,+1 917-677-9751,"800 Westchester Ave, Rye Brook, NY 10573, United States",yourdahs.com,+1 917-677-9751
1,Davidson Affordable Housing,+1 718-731-9807,"1765 Davidson Ave, The Bronx, NY 10453, United States","R3XP+GQ New York, United States",+1 718-731-9807
2,"Innovative Property Management & Development, Inc.",+1 718-552-2895,"796-798 Westchester Ave, The Bronx, NY 10455, United States","R39W+9G The Bronx, New York, United States",ipmdevelopment.com
3,Paramus Affordable Sr Housing,+1 201-845-8090,"200 Garden State Plaza Blvd, Paramus, NJ 07652, United States","WW99+83 Paramus, New Jersey, United States",+1 201-845-8090
4,Housing Action Council,+1 914-332-4144,"55 Broadway # 2, Tarrytown, NY 10591, United States","34FR+Q7 Tarrytown, Greenburgh, NY, United States",housingactioncouncil.org
5,Acacia  Network: Affordable Housing - Property Management,+1 718-299-1100 ext. 1021,"1794 Anthony Ave, The Bronx, NY 10457, United States","R3WW+FH The Bronx, New York, United States",acacianetwork.org
6,Foxy Management,+1 718-993-6737,"500 Trinity Ave, The Bronx, NY 10455, United States","R36R+R3 The Bronx, New York, United States",foxymanagement.com
7,West 116th Street Associates LLC,+1 212-348-3248,"1428 5th Ave #1, New York, NY 10035, United States","R323+GC New York, United States",ccmanagers.com
8,K&R Realty Management,+1 212-360-5092,"316 W 118th St, New York, NY 10026, United States","R24V+9Q New York, United States",gonofee.com
9,PRC Management Corporation,+1 718-893-1852,"1240 Westchester Ave, The Bronx, NY 10459, United States","R4G6+FJ New York, United States",+1 718-893-1852
10,Highbridge Community HDFC,+1 718-293-3100,"1465 Nelson Ave, The Bronx, NY 10452, United States","R3VH+HF New York, United States",highbridgecdc.com
11,South Bronx Community Management,+1 718-402-7702,"2804 3rd Ave #4, The Bronx, NY 10455, United States","R38J+4G New York, United States",+1 718-402-7702
12,Community Housing Management Corporation,+1 914-592-5434,"5 W Main St, Elmsford, NY 10523, United States","355H+4Q Elmsford, Greenburgh, NY, United States",+1 914-592-5434
13,Habitat Management Inc,+1 914-241-3550,"200 Carpenter Ave, Mt Kisco, NY 10549, United States","677G+JC Mt Kisco, NY, United States",habitat.com
14,"Alvaro Contracting Inc. - White Plains - Reliable Home Improvement, Affordable Bathroom Remodel & Basement Remodel, Home Renovation Company, Home Renovation Contractor",+1 914-229-2336,,,
15,C+C Apartment Management LLC,+1 212-348-3248,"1735 Park Ave #300, New York, NY 10035, United States","R325+RQ New York, United States",ccmanagers.com
16,YWCA Residence,+1 914-428-1130,"69 N Broadway, White Plains, NY 10603, United States","26QJ+FW White Plains, New York, United States",ywcawpcw.org
17,Pinecrest Manor,+1 914-666-5150,"1100 Amuso Dr, Mt Kisco, NY 10549, United States","67CC+4H Mt Kisco, NY, United States",liveatpinecrestmanor.com
18,New Rochelle Municipal Housing Authority,+1 914-576-7933,"361 Main St, New Rochelle, NY 10801, United States","W67F+46 New Rochelle, New York, United States",nrmha.org
19,Avalon White Plains,+1 914-220-8747,"27 Barker Ave, White Plains, NY 10601, United States","26PJ+76 White Plains, New York, United States",avaloncommunities.com
20,Franklin Windsor,+1 914-686-5146,"40 Windsor Terrace, White Plains, NY 10601, United States","26MR+J3 White Plains, New York, United States",+1 914-686-5146
21,Greenburgh Housing Authority,+1 914-946-2110,"9 Maple St, White Plains, NY 10603, United States","26X4+4C Fairview, Greenburgh, NY, United States",greenburghhousing.org
22,Weinberg Apartments,+1 718-519-0152,"2275 Olinville Ave, The Bronx, NY 10467, United States","V45J+XF New York, United States",bethabrahamhealthservices.org
23,Oakwood Gardens,+1 914-667-1475,"630 E Lincoln Ave # B, Mt Vernon, NY 10552, United States","W58M+HW Mt Vernon, Pelham, NY, United States",+1 914-667-1475
24,"City Dimensions Construction Service Inc. - Affordable, Reliable, Quality Remodeling, Small Bathroom, Shed Retailer, Sheetrock",Add phone number,,,
25,Westhab Inc,+1 914-963-1757,"85 Bruce Ave, Yonkers, NY 10705, United States","W473+RG Yonkers, New York, United States",westhab.org
26,Lemor Realty Corporation,+1 212-281-2714,"167 W 145th St, New York, NY 10039, United States","R3C6+JH New York, United States",lemorrealty.com
27,Capital Realty Group,+1 845-356-7773,"86 NY-59, Spring Valley, NY 10977, United States","4X48+G4 Spring Valley, Ramapo, NY, United States",thecapitalrealty.com
28,Dorado Apartments,+1 914-968-5909,"160 Warburton Ave, Yonkers, NY 10701, United States","W4R2+5X Yonkers, New York, United States",doradoapartmentsbc.com
29,White Plains Housing Authority,+1 914-949-6462,"223 Dr.Martin Luther King Jr Blvd, White Plains, NY 10601, United States","26HJ+75 White Plains, New York, United States",wphany.com
30,West Farms Estates,+1 718-893-8796,"1025 Freeman St, The Bronx, NY 10459, United States","R4H7+J8 New York, United States",metreal.com
31,Lincoln Towers Senior Citizens,+1 914-632-1823,"64 Lincoln Ave, New Rochelle, NY 10801, United States","W686+QG New Rochelle, New York, United States",+1 914-632-1823
32,"EJ Arnold Plumbing & Heating - Quality, Reliable & Affordable Company in Dumont NJ",Add phone number,,,
33,Vernon Manor Co-Op Apartments,+1 914-699-2255,"465 E Lincoln Ave # 2, Mt Vernon, NY 10552, United States","W59G+FR Mt Vernon, Pelham, NY, United States",vernonmanor2.com
34,Broadway Terrace Apartments,+1 914-613-7984,"182 N Broadway, Yonkers, NY 10701, United States","W4R4+64 Yonkers, New York, United States",nelsonmanagementgroup.net
35,Parkledge Management Corporation,+1 914-968-2660,"220 Yonkers Ave # 1, Yonkers, NY 10701, United States","W4M9+RJ Yonkers, New York, United States",+1 914-968-2660
36,C & C Management Co,+1 212-665-2955,"270 W 123rd St, New York, NY 10027, United States","R25X+F6 New York, United States",ccmanagers.com
37,Goldfarb Properties,+1 718-713-1091,"524 North Ave, New Rochelle, NY 10801, United States","W697+X4 New Rochelle, New York, United States",goldfarbproperties.com
38,Tarrytown Municipal Housing,+1 914-631-1991,"50 White St, Tarrytown, NY 10591, United States","34GP+7J Tarrytown, Greenburgh, NY, United States",+1 914-631-1991
39,Avalon Mamaroneck,+1 914-873-4080,"746 Mamaroneck Ave, Mamaroneck, NY 10543, United States","X746+M7 Mamaroneck, NY, United States",avaloncommunities.com
40,Tuckahoe Housing Authority,+1 914-961-3373,"4 Union Pl, Tuckahoe, NY 10707, United States","W5WF+XX Tuckahoe, Eastchester, NY, United States",+1 914-961-3373
41,Prestige Management,+1 212-694-0855,"237 W 145th St, New York, NY 10039, United States","R3F5+2M New York, United States",prestigemgt.com
42,New Rochelle Housing Authority,+1 914-636-7050,"50 Sickles Ave, New Rochelle, NY 10801, United States","W677+X7 New Rochelle, New York, United States",nrmha.org
43,Janus Partners LLC,+1 212-932-2388,"423 W 127th St, New York, NY 10025, United States","R27W+98 New York, United States",janusproperty.com
44,Westchester Point,+1 718-579-8721,"899 Westchester Ave, The Bronx, NY 10459, United States","R3CX+8X New York, United States",westchesterpoint.com
45,"Lemle & Wolff, Inc.",+1 718-884-7676,"5925 Broadway, The Bronx, NY 10463, United States","V4Q2+65 The Bronx, New York, United States",lemlewolff.com
46,Lemle & Wolff,+1 718-991-7354,"1051 Boston Rd, The Bronx, NY 10456, United States","R3GV+JG New York, United States",lemlewolff.com
47,Mt Kisco Housing Authority,+1 914-666-7578,"200 Carpenter Ave, Mt Kisco, NY 10549, United States","677G+JC Mt Kisco, NY, United States",+1 914-666-7578
48,PRC Management Corporation,+1 718-220-8648,"2431 Belmont Ave, The Bronx, NY 10458, United States","V447+6M New York, United States",+1 718-220-8648
49,Macquesten Development LLC,+1 914-667-7227,"1 N MacQuesten Pkwy #1, Mt Vernon, NY 10550, United States","W572+4J Mt Vernon, Pelham, NY, United States",macquesten.com
50,Avalon Ossining,+1 914-307-0783,"217 N Highland Ave, Ossining, NY 10562, United States","54FJ+HX Ossining, NY, United States",avaloncommunities.com
51,Melrose Court Condominium Corporation,+1 718-401-1231,"811 St Ann's Ave # A, The Bronx, NY 10456, United States","R3CQ+8X New York, United States",+1 718-401-1231
52,Westhab Inc,+1 914-664-7414,"17 S 2nd Ave #3400, Mt Vernon, NY 10550, United States","W568+G5 Mt Vernon, Pelham, NY, United States",westhab.org
53,Lemle & Wolff Inc,+1 718-884-7676,"2201 Walton Ave, The Bronx, NY 10453, United States","V34W+PC New York, United States",lemlewolff.com
54,North Tarrytown Housing Auth,+1 914-631-4626,"126 Valley St, Sleepy Hollow, NY 10591, United States","34JP+HX Sleepy Hollow, Mt Pleasant, NY, United States",+1 914-631-4626
55,"Twin Parks, LP",+1 718-367-7900,"735 E Garden St, The Bronx, NY 10457, United States","V428+52 New York, United States",reliantrs.com
56,MBD Community Housing Corporation,+1 718-842-0256,"1762 Boston Rd, The Bronx, NY 10460, United States","R4P7+X4 The Bronx, New York, United States",mbdhousing.org
57,Mamaroneck Gardens Inc,+1 914-834-5666,"328 Richbell Rd, Mamaroneck, NY 10543, United States","W7Q4+X2 Mamaroneck, NY, United States",+1 914-834-5666
58,Ossining Section 8 Housing,+1 914-941-0751,"95 Broadway, Ossining, NY 10562, United States","547P+FW Ossining, NY, United States",+1 914-941-0751
59,New West 111 Street Apartments,+1 212-369-8737,"24 W 111th St # 1E, New York, NY 10026, United States","Q2XX+5V New York, United States",+1 212-369-8737
60,Capara La Nueva Associates LP,+1 212-369-9400,"1760 Madison Ave, New York, NY 10029, United States","Q3X3+VR New York, United States",+1 212-369-9400
61,Port Chester Housing Authority,+1 914-937-5550,"2 Weber Dr, Port Chester, NY 10573, United States","X8RJ+QC Port Chester, Rye, NY, United States",pchany.org
62,Avalon Green,+1 914-425-0217,"500 Town Green Dr, Elmsford, NY 10523, United States","352C+32 Elmsford, Greenburgh, NY, United States",avaloncommunities.com
63,The Hammel,+1 914-636-6070,"32 Burling Ln, New Rochelle, NY 10801, United States","W677+5V New Rochelle, New York, United States",thehammel.com
64,Municipal Housing Authority,+1 914-793-8400,"334 Riverdale Ave, Yonkers, NY 10705, United States","W3CX+9P Yonkers, New York, United States",mhacy.com
65,Cornell Pace Inc,+1 914-380-8220,"542 Main St #300, New Rochelle, NY 10801, United States","W658+4R New Rochelle, New York, United States",cornellpace.com
66,Regan Development Corp.,+1 914-693-6613,"1055 Saw Mill River Rd, Ardsley, NY 10502, United States","25F4+PX Ardsley, Greenburgh, NY, United States",regandevelopment.com
67,Winbrook Phase 1,Add phone number,"301 Quarropas St, White Plains, NY 10601, United States","26HH+5G White Plains, New York, United States",
68,Old Tappan Commons,+1 201-497-6692,"32 Russell Ave, Old Tappan, NJ 07675, United States","2268+HW Old Tappan, Orangetown, NJ, United States",habcnj.org
69,Post Street Apartments,+1 914-375-0015,"45 Post St, Yonkers, NY 10705, United States","W4C2+4G Yonkers, New York, United States",+1 914-375-0015
70,William A Schlobohm Houses,Add phone number,"3 Schroeder St, Yonkers, NY 10701, United States","W4P4+QG Yonkers, New York, United States",Claim this business
71,Gramatan Management Inc,+1 914-654-1414,"2 Hamilton Ave # 217, New Rochelle, NY 10801, United States","W6C7+96 New Rochelle, New York, United States",gramatanmanagement.com
72,Boston Secor Houses,+1 718-671-2050,"3570 Bivona St, The Bronx, NY 10475, United States","V5M8+8V New York, United States",+1 718-671-2050
73,West Side Federation-Senior Housing,+1 212-663-0001,"11 W 102nd St, New York, NY 10025, United States","Q2WP+9W New York, United States",wsfssh.org
74,Garthchester Realty,+1 914-725-3600,"209 Garth Rd, Scarsdale, NY 10583, United States","X5MP+8X Scarsdale, NY, United States",garthchesterrealty.com
75,Hornrock Properties,+1 646-666-3888,"1 Sony Dr #3a, Park Ridge, NJ 07656, United States","2WRM+PQ Park Ridge, New Jersey, United States",hornrock.com
76,Wilder Balter Partners,+1 914-347-3333,"480 N Bedford Rd, Chappaqua, NY 10514, United States","56JV+4W Chappaqua, New Castle, NY, United States",wbhomes.com
77,Affordable Painting,Add phone number,,,
78,Emet Realty Management,+1 201-225-0988,"297 Kinderkamack Rd # 222, Oradell, NJ 07649, United States","XX28+7X Oradell, New Jersey, United States",emetrealty.com
79,Saddle River Senior Housing,+1 201-444-0722,"1-20 Wolf Run, Saddle River, NJ 07458, United States","2VQP+W6 Saddle River, New Jersey, United States",habcnj.org
80,Municipal Housing Authority,+1 914-476-5800,"8 Schroeder St, Yonkers, NY 10701, United States","W4Q4+4P Yonkers, New York, United States",mhacy.com
81,Hudson Views,Add phone number,"S Astor St, Irvington, NY 10533, United States","24PG+GJ Irvington, Greenburgh, NY, United States",Claim this business
82,A-HOME,+1 914-741-0740,"141 Tompkins Ave, Pleasantville, NY 10570, United States","46M5+8R Pleasantville, Mt Pleasant, NY, United States",a-homehousing.org
83,Jeannine Comstock Creative Interiors Affordable Interior Designer In Rye Brook & West Chester,+1 914-874-4387,,,
84,HCCI,+1 212-281-4887,"256 W 153rd St, New York, NY 10039, United States","R3G6+XP New York, United States",hcci.org
85,Fairview Gardens,+1 201-592-8118,"219 Broad Ave, Fairview, NJ 07022, United States","RXCR+JG Fairview, New Jersey, United States",habcnj.org
86,Wavecrest Management,+1 212-368-8869,"640 Riverside Dr, New York, NY 10031, United States","R2FW+XC New York, United States",wavecrestmanagement.com
87,New York City Housing Authority's West Farms Square MHOP,+1 718-274-5000,"1252 W Farms Rd, The Bronx, NY 10459, United States","R4H6+GV The Bronx, New York, United States",nyc.gov
88,Burnham Building,+1 914-591-5347,"2 Main St, Irvington, NY 10533, United States","24QG+VW Irvington, Greenburgh, NY, United States",+1 914-591-5347
89,Jonathan Rose & Co,+1 914-232-1396,"33 Katonah Ave # 1, Katonah, NY 10536, United States","7858+Q5 Katonah, Bedford, NY, United States",+1 914-232-1396
90,Yonkers Apartments,+1 914-423-9067,"73 Highland Ave #1G, Yonkers, NY 10705, United States","W4G2+58 Yonkers, New York, United States",+1 914-423-9067
91,Boricua Village LLC,+1 718-402-9080,"3213 3rd Ave, The Bronx, NY 10451, United States","R3FR+76 New York, United States",+1 718-402-9080
92,Municipal Housing Authority,Add phone number,"Yonkers, NY 10701, United States","W4J3+5W Yonkers, New York, United States",Claim this business
93,Beacon Mews,+1 718-884-7676,"34 W 139th St, New York, NY 10037, United States","R387+67 New York, United States",thebeaconinharlem.com
94,St.Casimir Apartments,Add phone number,"Copcutt Ln, Yonkers, NY 10701, United States","W4P6+R9 Yonkers, New York, United States",Claim this business
95,New York City Housing Authority's Gun Hill,+1 718-547-1700,"731 Magenta St, The Bronx, NY 10467, United States","V4GM+5R The Bronx, New York, United States",nyc.gov
96,Highland Terrace Housing,+1 914-963-1113,"101 Highland Ave, Yonkers, NY 10705, United States","W4G2+C5 Yonkers, New York, United States",+1 914-963-1113
97,Acacia Network: Transitional Housing Millennium Next Step Facility,+1 718-542-7211 ext. 17,"980 Prospect Ave, The Bronx, NY 10459, United States","R4F2+C4 The Bronx, New York, United States",acacianetwork.org
98,Vía Verde New York,+1 917-374-3441,"700 Brook Ave, The Bronx, NY 10455, United States","R39Q+J2 New York, United States",+1 917-374-3441
99,The Craft Building,Add phone number,"164 Union Ave, New Rochelle, NY 10801, United States","W655+R7 New Rochelle, New York, United States",regandevelopment.com
