,name,contact number,address1,address2,website
0,Robison Oil,+1 914-345-5700,"1 Gateway Plaza 4th floor, Port Chester, NY 10573, United States","X8XP+82 Port Chester, Rye, NY, United States",robisonoil.com
1,Beacon Oil Company,Add phone number,"Bayonne, NJ 07002, United States","MVHX+V9 Bayonne, New Jersey, United States",Claim this business
2,Sprague Energy Corporation,+1 914-328-6700,"4 New King St, West Harrison, NY 10604, United States","37MM+VV North Castle, New York, United States",spragueenergy.com
3,Sunoco Gas Station,Add phone number,"2276 Westchester Ave, The Bronx, NY 10462, United States","R5M2+VC The Bronx, New York, United States",sunoco.com
4,Sk Gas Corporation,+1 718-519-1996,"3210 Webster Ave, The Bronx, NY 10467, United States","V4FG+PH New York, United States",eng.skgas.co.kr
5,Westchester Waste Oil Co Inc,+1 845-496-5048,"219 Woodcock Mountain Rd, Washingtonville, NY 10992, United States","CVC7+5C Washingtonville, Blooming Grove, NY, United States",westchesterwasteoil.com
6,WHITEPLAINS MOBIL,+1 914-761-2280,"174 Westchester Ave, White Plains, NY 10601, United States","26MV+7F White Plains, New York, United States","174 Westchester Ave, White Plains, NY 10601, United States"
7,Hy-Grade Oil Co,+1 973-470-8900,"301 River Rd, Clifton, NJ 07014, United States","RVGF+PG Clifton, New Jersey, United States",+1 973-470-8900
8,ATM (Linden Boulevard Services Station),+1 718-657-2734,"10846 Merrick Blvd, Jamaica, NY 11433, United States","M6W7+XR New York, United States",+1 718-657-2734
9,Robison Oil,+1 914-963-1108,"Yonkers, NY 10701, United States",+1 914-963-1108,Claim this business
10,Sunoco,+1 914-764-4478,"66 Westchester Ave, Pound Ridge, NY 10576, United States","5CQX+RJ Pound Ridge, NY, United States",sunoco.com
11,TMC Gas Corporation,+1 347-281-8178,"2100 Williamsbridge Rd, The Bronx, NY 10461, United States","V44V+8X New York, United States",+1 347-281-8178
12,BP,+1 718-239-7034,"91 Westchester Square, The Bronx, NY 10461, United States","R5R5+9J The Bronx, New York, United States","91 Westchester Square, The Bronx, NY 10461, United States"
13,Sunoco Gas Station,+1 845-294-6030,"121 Greenwich Ave, Goshen, NY 10924, United States","CM2F+7R Goshen, NY, United States","121 Greenwich Ave, Goshen, NY 10924, United States"
14,Sibling Fuel Oil Co,+1 718-409-3600,"1108 Zerega Ave, The Bronx, NY 10462, United States","R5J4+C8 New York, United States",pullumsiblingenergy.com
15,Sunoco Gas Station,+1 914-273-8700,"360 Main St, Armonk, NY 10504, United States","47FP+P9 Armonk, North Castle, NY, United States","360 Main St, Armonk, NY 10504, United States"
16,Citgo,Add phone number,"1441 Westchester Ave, The Bronx, NY 10472, United States","R4H8+FX The Bronx, New York, United States","1441 Westchester Ave, The Bronx, NY 10472, United States"
17,GULF OIL L.P no propane,Add phone number,"400 Jericho Turnpike, Mineola, NY 11501, United States","P8WX+CC Mineola, North Hempstead, NY, United States","400 Jericho Turnpike, Mineola, NY 11501, United States"
18,Mancuso Oil,+1 914-968-1243,"172 Waverly St, Yonkers, NY 10701, United States","W4H4+WJ Yonkers, New York, United States",+1 914-968-1243
19,CITGO Port Chester,+1 914-589-8553,"200 Westchester Ave, Port Chester, NY 10573, United States","282M+R5 Port Chester, Rye, NY, United States","200 Westchester Ave, Port Chester, NY 10573, United States"
20,Robison Oil,+1 914-345-5700,"1 Gateway Plaza 4th floor, Port Chester, NY 10573, United States","X8XP+82 Port Chester, Rye, NY, United States",robisonoil.com
21,Interstate Oil Co,+1 914-939-1223,"27 Whittemore Pl, Port Chester, NY 10573, United States","285C+F7 Rye Brook, Rye, NY, United States",+1 914-939-1223
22,Pullum Fuel Oil Co,+1 718-892-6327,"1241 Zerega Ave, The Bronx, NY 10462, United States","R5M3+HQ New York, United States",pullumsiblingenergy.com
23,Warwick Car Wash Oil Express,+1 845-986-9966,"18 Elm St, Warwick, NY 10990, United States","7J4P+2M Warwick, NY, United States",warwickcarwash.com
24,Wholesale Fuel,+1 914-769-0366,"25 St Charles St, Thornwood, NY 10594, United States","46F9+M8 Thornwood, Mt Pleasant, NY, United States",wfdistributors.com
25,76 Gas Station,+1 845-425-5848,"140 NY-59, Spring Valley, NY 10977, United States","4X56+5V Spring Valley, Ramapo, NY, United States","140 NY-59, Spring Valley, NY 10977, United States"
26,Wright Way Fuel Oil Co,+1 914-665-0775,"359 S 7th Ave, Mt Vernon, NY 10550, United States","W527+MH Mt Vernon, Pelham, NY, United States",+1 914-665-0775
27,Sunoco Gas Station,+1 718-262-8473,"138-98 Queens Blvd, Jamaica, NY 11435, United States","P54M+H4 Jamaica, Queens, NY, United States","138-98 Queens Blvd, Jamaica, NY 11435, United States"
28,Ashby Fuel Oil Corporation,+1 914-576-0009,"99 Beechwood Ave, New Rochelle, NY 10801, United States","W644+8X New Rochelle, New York, United States",ashbyfueloil.com
29,Laco Service & Fuel Oil,+1 516-825-1770,"170 E Lincoln Ave, Valley Stream, NY 11580, United States","M865+W5 Valley Stream, Hempstead, NY, United States",lacoservice.com
30,Nu Way Fuel Services Corporation,+1 914-930-8170,"2 John Walsh Blvd # 2, Peekskill, NY 10566, United States","73H6+4F Peekskill, Cortlandt, NY, United States",+1 914-930-8170
31,Mamaroneck service inc,+1 914-949-9348,"1237 Mamaroneck Ave, White Plains, NY 10605, United States","X7R3+PQ White Plains, New York, United States",mobil.com
32,Purplerock Fuel,Add phone number,"1350 6th Ave 2nd fl, New York, NY 10019, United States","Q27C+3P New York, United States",purplerockfuel.com
33,JB Fuel,Add phone number,"2947 Jerome Ave, The Bronx, NY 10468, United States","V4F6+84 New York, United States",Claim this business
34,Alba Fuel Corporation,+1 718-931-1700,"2135 Williamsbridge Rd, The Bronx, NY 10461, United States","V44V+GH New York, United States",+1 718-931-1700
35,Stop & Shop Gas Station,+1 845-634-4898,"180 N Main St, New City, NY 10956, United States","5237+R8 New City, Clarkstown, NY, United States",stopandshop.com
36,Global  Gas Station,+1 212-939-9299,"89 St Nicholas Pl, New York, NY 10032, United States","R3J5+4Q New York, United States","89 St Nicholas Pl, New York, NY 10032, United States"
37,Primo Industries LLC,+1 914-273-3645,"Pleasantville, NY 10570, United States",+1 914-273-3645,Claim this business
38,Lebrini's Service Station,+1 914-698-6444,"711 Fenimore Rd, Mamaroneck, NY 10543, United States","X724+J7 Mamaroneck, NY, United States",lebrinisservicestation.com
39,United Fuel Services in New York,+1 718-349-8885,"245 Russell St, Brooklyn, NY 11222, United States","P3H3+JV Brooklyn, New York, United States",unitedfuelservicellc.com
40,Robison Oil,+1 914-345-5700,"1 Gateway Plaza 4th floor, Port Chester, NY 10573, United States","X8XP+82 Port Chester, Rye, NY, United States",robisonoil.com
41,CONOCO,+1 718-272-0874,"1121 Granville Payne Ave, Brooklyn, NY 11207, United States","M437+6F Brooklyn, New York, United States","1121 Granville Payne Ave, Brooklyn, NY 11207, United States"
42,Baychester Petroleum LLC,+1 718-653-3106,"3804 Boston Rd, The Bronx, NY 10475, United States","V5J6+FM New York, United States",+1 718-653-3106
43,711 FENIMORE RD. CORP.,+1 914-968-6444,"711 Fenimore Rd, Mamaroneck, NY 10543, United States","X724+J8 Mamaroneck, NY, United States","711 Fenimore Rd, Mamaroneck, NY 10543, United States"
44,76,+1 914-222-9440,"600 White Plains Rd, Eastchester, NY 10709, United States","X57Q+4X Eastchester, NY, United States","600 White Plains Rd, Eastchester, NY 10709, United States"
45,BANAHAN BROS,+1 914-967-9619,"310 Theodore Fremd Ave, Rye, NY 10580, United States","X8G3+WP Rye, New York, United States","310 Theodore Fremd Ave, Rye, NY 10580, United States"
46,Armonk Garage,+1 914-273-3363,"360 Main St, Armonk, NY 10504, United States","47FP+P9 Armonk, North Castle, NY, United States",+1 914-273-3363
47,Conoco,+1 914-833-3500,"2067 Palmer Ave, Larchmont, NY 10538, United States","W6HP+RM Larchmont, Mamaroneck, NY, United States","2067 Palmer Ave, Larchmont, NY 10538, United States"
48,Shell,+1 914-698-3508,"708 E Boston Post Rd, Mamaroneck, NY 10543, United States","X73F+5C Mamaroneck, NY, United States","708 E Boston Post Rd, Mamaroneck, NY 10543, United States"
49,GLOBAL GAS STATION AND CAR WASH,+1 516-775-3240,"530 Franklin Ave, Franklin Square, NY 11010, United States","M8V8+GH Franklin Square, Hempstead, NY, United States","530 Franklin Ave, Franklin Square, NY 11010, United States"
50,Gunhill Road Petroleum,+1 347-843-0980,"688 E Gun Hill Rd, The Bronx, NY 10467, United States","V4GJ+XW New York, United States",+1 347-843-0980
51,sunoco a plus mini market,+1 914-934-5907,"314 Boston Post Rd, Port Chester, NY 10573, United States","X8WG+7V Port Chester, Rye, NY, United States",myaplus.com
52,Hawthorne Getty,+1 914-747-6055,"476 Commerce St, Hawthorne, NY 10532, United States","4674+2W Hawthorne, Mt Pleasant, NY, United States","476 Commerce St, Hawthorne, NY 10532, United States"
53,Centar Fuel Co,+1 516-538-2424,"700 Nassau Blvd, West Hempstead, NY 11552, United States","M8PQ+V8 West Hempstead, Hempstead, NY, United States",+1 516-538-2424
54,Alltek Services Station,+1 914-737-0704,"2071 Main St, Cortlandt, NY 10567, United States","8429+C3 Cortlandt, NY, United States",+1 914-737-0704
55,Top Rak,+1 914-381-4940,"540 Mamaroneck Ave, Mamaroneck, NY 10543, United States","X736+5M Mamaroneck, NY, United States",corporate.exxonmobil.com
56,Sunoco Gas Station,+1 203-504-8877,"2661 Long Ridge Rd, Stamford, CT 06903, United States","5C24+XP Stamford, Connecticut, United States",sunoco.com
57,Sunoco,Add phone number,"Hastings-On-Hudson, NY 10706, United States","X4MW+HQ Yonkers, New York, United States",sunoco.com
58,BP,+1 914-949-7158,"43 Lake St, White Plains, NY 10603, United States","26QR+85 White Plains, New York, United States","43 Lake St, White Plains, NY 10603, United States"
59,Texaco Food Mart,+1 914-376-6714,"1 Enterprise Blvd, Yonkers, NY 10701, United States","X4CC+RC Yonkers, New York, United States",texaco.com
60,Robison Oil,+1 914-345-5700,"1 Gateway Plaza 4th floor, Port Chester, NY 10573, United States","X8XP+82 Port Chester, Rye, NY, United States",robisonoil.com
61,76,+1 914-579-2442,"1 Broadway, Pleasantville, NY 10570, United States","46RC+2M Pleasantville, Mt Pleasant, NY, United States","1 Broadway, Pleasantville, NY 10570, United States"
62,Ever-Ready Oil Co Inc,+1 973-870-0260,"Paterson, NJ 07513, United States",everreadyoil.com,+1 973-870-0260
63,Sinclair,+1 914-478-0201,"DAK Enterprises, Inc, 339 Warburton Ave, Hastings-On-Hudson, NY 10706, United States","X4Q8+2C Hastings-On-Hudson, Greenburgh, NY, United States","X4Q8+2C Hastings-On-Hudson, Greenburgh, NY, United States"
64,SUNOCO,+1 914-271-5780,"336 S Riverside Ave, Croton-On-Hudson, NY 10520, United States","54W8+8Q Croton-On-Hudson, Cortlandt, NY, United States","336 S Riverside Ave, Croton-On-Hudson, NY 10520, United States"
65,Sprague Energy,+1 914-674-0955,"555 Saw Mill River Rd, Ardsley, NY 10502, United States","245X+24 Ardsley, Greenburgh, NY, United States",spragueenergy.com
66,Shotmeyer Brothers Fuel Corporation,+1 973-427-1000,,,
67,Sinclair,+1 914-939-1190,"110 N Pearl St, Port Chester, NY 10573, United States","283P+72 Port Chester, Rye, NY, United States","110 N Pearl St, Port Chester, NY 10573, United States"
68,Bronx Trading Co,+1 718-931-6448,"1375 Seabury Ave, The Bronx, NY 10461, United States","R5P4+XR The Bronx, New York, United States",+1 718-931-6448
69,Port Chester Pit Stop,+1 914-939-3063,"305 Midland Ave, Port Chester, NY 10573, United States","X8RJ+52 Port Chester, Rye, NY, United States",citgo.com
70,Almeida Oil,+1 914-666-4328,"33 Hubbels Dr, Mt Kisco, NY 10549, United States","678G+P8 Mt Kisco, NY, United States",almeidaoil.com
71,Citco,Add phone number,"2590 Bailey Ave, The Bronx, NY 10463, United States","V39V+M3 New York, United States",citco.com
72,Citgo,Add phone number,"Mooney Pl, Yonkers, NY 10701, United States","W4P7+6W Yonkers, New York, United States",gas-stations.citgo.com
73,Conoco,+1 914-632-8617,"690 Main St, New Rochelle, NY 10801, United States","W636+QW New Rochelle, New York, United States","690 Main St, New Rochelle, NY 10801, United States"
74,OK petroleum,+1 516-488-2601,"66 New Hyde Park Rd, Franklin Square, NY 11010, United States","P85F+PR Franklin Square, Hempstead, NY, United States","66 New Hyde Park Rd, Franklin Square, NY 11010, United States"
75,Shell,+1 718-331-1207,"8202 7th Ave, Brooklyn, NY 11228, United States","JXCH+HR Brooklyn, New York, United States","8202 7th Ave, Brooklyn, NY 11228, United States"
76,Skyview Automotive Service,+1 845-623-1247,"370 S Middletown Rd, Nanuet, NY 10954, United States","3XHP+Q9 Nanuet, Clarkstown, NY, United States",facebook.com
77,Boro Energy,+1 718-854-7500,"6717 4th Ave, Brooklyn, NY 11220, United States","JXPG+FX New York, United States",boroenergy.com
78,Century Gas Corporation,+1 516-223-2042,"102 W Merrick Rd, Freeport, NY 11520, United States","MC38+F5 Freeport, Hempstead, NY, United States",+1 516-223-2042
79,Ford Service,Add phone number,"11435, 92-12 172nd St, Jamaica, NY 11433, United States","P646+VR New York, United States",ford.com
80,Robison Oil,+1 914-345-5700,"1 Gateway Plaza 4th floor, Port Chester, NY 10573, United States","X8XP+82 Port Chester, Rye, NY, United States",robisonoil.com
81,Sinclair,+1 914-729-0005,"2058 E Main St, Cortlandt, NY 10567, United States","74X7+VV Cortlandt, NY, United States","2058 E Main St, Cortlandt, NY 10567, United States"
82,Conoco Propane LP Gas,+1 516-746-6260,"2 Jericho Turnpike, Mineola, NY 11501, United States","Q928+J2 Mineola, North Hempstead, NY, United States",business.site
83,Sunoco Gas Station,+1 973-697-3180,"3023 NJ-23, West Milford, NJ 07480, United States","3G4P+7G West Milford, New Jersey, United States","3023 NJ-23, West Milford, NJ 07480, United States"
84,CONEY-P CAR CARE CENTER,+1 718-376-3695,"1935 Coney Island Ave, Brooklyn, NY 11230, United States","J26Q+45 Brooklyn, New York, United States",exxon.com
85,Admiral Energy,+1 718-858-7622,"189 Van Brunt St, Brooklyn, NY 11231, United States","MXJV+Q3 Brooklyn, New York, United States",admiralenergy.com
86,Shell,+1 845-356-3170,"168 N Main St, Spring Valley, NY 10977, United States","4X94+QP Spring Valley, Ramapo, NY, United States","168 N Main St, Spring Valley, NY 10977, United States"
87,Lukoil,Add phone number,"502 S Broadway, Hicksville, NY 11801, United States","QF4Q+HQ Hicksville, Oyster Bay, NY, United States",lukoil.com
88,Panco Petroleum Co,+1 845-258-4046,"607 County Rd 1, Pine Island, NY 10969, United States","7GVQ+WP Pine Island, Warwick, NY, United States",panco.com
89,Delta Gas of South River,+1 732-387-2626,"Delta Gas Station, 57 Reid St, South River, NJ 08882, United States","FJ38+6J South River, New Jersey, United States",business.site
90,Brunswick Filling Station LLC(Ice Department),Add phone number,"217 French St, New Brunswick, NJ 08901, United States","FGRR+8Q New Brunswick, New Jersey, United States",
91,Worldwide Diagnostics,+1 718-680-2224,"8521 7th Ave, Brooklyn, NY 11228, United States","JX9H+CM New York, United States",worldwidediagnostics.com
92,Shell,+1 718-728-3553,"4320 Astoria Blvd N, Astoria, NY 11103, United States","Q39V+72 Astoria, Queens, NY, United States","4320 Astoria Blvd N, Astoria, NY 11103, United States"
93,APX International Usa,+1 718-450-8653,"1805 Webster Ave, The Bronx, NY 10457, United States","R3WX+C3 New York, United States",+1 718-450-8653
94,Sunoco Gas Station,+1 609-285-5932,"919 ROUTE 206 &, Princeton Ave, Princeton, NJ 08540, United States","98RW+JM Princeton, New Jersey, United States","919 ROUTE 206 &, Princeton Ave, Princeton, NJ 08540, United States"
95,HORACE HARDING MART,+1 718-961-6636,"181-08 Horace Harding Expy, Flushing, NY 11365, United States","P6Q5+G3 Flushing, Queens, NY, United States","181-08 Horace Harding Expy, Flushing, NY 11365, United States"
96,Amoco,+1 718-441-2379,"11811 Atlantic Ave, Queens, NY 11418, United States","M5VC+PH Queens, New York, United States","11811 Atlantic Ave, Queens, NY 11418, United States"
97,Amoco,+1 718-441-2379,"11811 Atlantic Ave, Queens, NY 11418, United States","M5VC+PH Queens, New York, United States","11811 Atlantic Ave, Queens, NY 11418, United States"
98,Sinclair,+1 914-237-5306,"561 Kimball Ave, Yonkers, NY 10704, United States","W4CW+8F Yonkers, New York, United States","561 Kimball Ave, Yonkers, NY 10704, United States"
99,Sunoco Gas Station,+1 201-370-3744,"239 NJ-17, Maywood, NJ 07607, United States","VWVH+9F Maywood, New Jersey, United States","VWVH+9F Maywood, New Jersey, United States"
