,name,contact number,address1,address2,website
0,Sk Gas Corporation,+1 718-519-1996,"3210 Webster Ave, The Bronx, NY 10467, United States","V4FG+PH New York, United States",eng.skgas.co.kr
1,Alba Fuel Corporation,+1 718-931-1700,"2135 Williamsbridge Rd, The Bronx, NY 10461, United States","V44V+GH New York, United States",+1 718-931-1700
2,Sibling Fuel Oil Co,+1 718-409-3600,"1108 Zerega Ave, The Bronx, NY 10462, United States","R5J4+C8 New York, United States",pullumsiblingenergy.com
3,1165 Gas Co Gas Station,+1 718-538-4282,"1165 Ogden Ave, The Bronx, NY 10452, United States","R3PF+X5 New York, United States",+1 718-538-4282
4,Gulf Gas Station,Add phone number,"3031 Bailey Ave, The Bronx, NY 10463, United States","V3GW+WJ New York, United States","3031 Bailey Ave, The Bronx, NY 10463, United States"
5,JB Fuel,Add phone number,"2947 Jerome Ave, The Bronx, NY 10468, United States","V4F6+84 New York, United States",Claim this business
6,Sunoco Gas Station,+1 718-828-9482,"1141 Castle Hill Ave, The Bronx, NY 10462, United States","R4JX+CH The Bronx, New York, United States","1141 Castle Hill Ave, The Bronx, NY 10462, United States"
7,Pullum Fuel Oil Co,+1 718-892-6327,"1241 Zerega Ave, The Bronx, NY 10462, United States","R5M3+HQ New York, United States",pullumsiblingenergy.com
8,Sunoco Gas Station,+1 718-824-8491,"1881 E Tremont Ave, The Bronx, NY 10462, United States","R4RP+H7 The Bronx, New York, United States","1881 E Tremont Ave, The Bronx, NY 10462, United States"
9,TMC Gas Corporation,+1 347-281-8178,"2100 Williamsbridge Rd, The Bronx, NY 10461, United States","V44V+8X New York, United States",+1 347-281-8178
10,Baychester Petroleum LLC,+1 718-653-3106,"3804 Boston Rd, The Bronx, NY 10475, United States","V5J6+FM New York, United States",+1 718-653-3106
11,ULTIMATE QUALITY FUEL,+1 718-588-1754,"1314 Sedgwick Ave, The Bronx, NY 10452, United States","R3RC+FV New York, United States","1314 Sedgwick Ave, The Bronx, NY 10452, United States"
12,TANVIR JAHANGIR GAS AND FOOD MART,+1 347-820-7774,"611 Grand Concourse, The Bronx, NY 10451, United States","R3CF+58 The Bronx, New York, United States",exxon.com
13,Sunoco Gas Station,+1 718-884-7780,"5914 Riverdale Ave, The Bronx, NY 10471, United States","W35W+2H The Bronx, New York, United States","5914 Riverdale Ave, The Bronx, NY 10471, United States"
14,Gunhill Road Petroleum,+1 347-843-0980,"688 E Gun Hill Rd, The Bronx, NY 10467, United States","V4GJ+XW New York, United States",+1 347-843-0980
15,"JEROME 2947 GAS, INC.",+1 718-365-1130,"2947 Jerome Ave, The Bronx, NY 10468, United States","V4F6+84 New York, United States",+1 718-365-1130
16,Delta Gas Station,+1 914-803-0762,"109 Bronx River Rd, Yonkers, NY 10704, United States","W43R+XC Yonkers, New York, United States","109 Bronx River Rd, Yonkers, NY 10704, United States"
17,BP,+1 718-829-3459,"3333 E Tremont Ave, The Bronx, NY 10461, United States","R5P9+2X The Bronx, New York, United States","3333 E Tremont Ave, The Bronx, NY 10461, United States"
18,Shell,+1 718-933-1232,"590 E Fordham Rd, The Bronx, NY 10458, United States","V457+9Q The Bronx, New York, United States","590 E Fordham Rd, The Bronx, NY 10458, United States"
19,Melrose Gas Corporation,+1 718-665-3721,"871 Melrose Ave, The Bronx, NY 10451, United States","R3FP+J8 New York, United States",+1 718-665-3721
20,Gulf,+1 718-798-5266,"70 Major Deegan Expy, The Bronx, NY 10471, United States","V4W9+39 New York, United States","70 Major Deegan Expy, The Bronx, NY 10471, United States"
21,Gunhill Gulf,+1 718-798-5200,"1255 E Gun Hill Rd, The Bronx, NY 10469, United States","V4CX+XR New York, United States","1255 E Gun Hill Rd, The Bronx, NY 10469, United States"
22,GULF,+1 718-708-7522,"2918 Boston Rd, The Bronx, NY 10469, United States","V49R+6C New York, United States","2918 Boston Rd, The Bronx, NY 10469, United States"
23,76,+1 718-893-3290,"1810 E 177th St, The Bronx, NY 10472, United States","R4MM+QC The Bronx, New York, United States",gas-stations.citgo.com
24,LUKOIL,+1 347-270-0430,"2173 Grand Concourse, The Bronx, NY 10453, United States","V34X+47 The Bronx, New York, United States",lukoilamericas.com
25,BP,+1 718-239-7034,"91 Westchester Square, The Bronx, NY 10461, United States","R5R5+9J The Bronx, New York, United States","91 Westchester Square, The Bronx, NY 10461, United States"
26,1738 Gasoline Corporation,+1 347-945-3640,"1738 E Gun Hill Rd, The Bronx, NY 10469, United States","V577+VP New York, United States",+1 347-945-3640
27,GULF,+1 718-515-9997,"1220 E 233rd St, The Bronx, NY 10466, United States","V5Q4+CW New York, United States",+1 718-515-9997
28,Americo Food Mart,+1 718-542-9700,"1264 Randall Ave, The Bronx, NY 10474, United States","R467+P5 New York, United States","1264 Randall Ave, The Bronx, NY 10474, United States"
29,BRUCKNER AUTO,+1 718-239-2190,"3424 E Tremont Ave, The Bronx, NY 10465, United States","R5MC+3M The Bronx, New York, United States",exxon.com
30,CITGO,+1 718-792-8944,"1982 Bronxdale Ave, The Bronx, NY 10462, United States","V42P+28 New York, United States","1982 Bronxdale Ave, The Bronx, NY 10462, United States"
31,Bartow Gasoline Corporation,+1 347-945-3639,"1665 Bartow Ave, The Bronx, NY 10469, United States","V586+PH New York, United States",+1 347-945-3639
32,Shell,+1 718-944-2551,"836 E 233rd St, The Bronx, NY 10466, United States","V4RW+QM The Bronx, New York, United States","836 E 233rd St, The Bronx, NY 10466, United States"
33,CITGO,+1 914-258-2059,"1805 Webster Ave, The Bronx, NY 10457, United States","R3WX+93 New York, United States","1805 Webster Ave, The Bronx, NY 10457, United States"
34,Citgo,+1 718-931-5452,"600 Pelham Pkwy S, The Bronx, NY 10462, United States","V44J+HC New York, United States","600 Pelham Pkwy S, The Bronx, NY 10462, United States"
35,BP,+1 718-402-2376,"115 E 138th St, The Bronx, NY 10451, United States","R379+GP The Bronx, New York, United States","115 E 138th St, The Bronx, NY 10451, United States"
36,Shell,+1 718-822-8925,"2100 Williamsbridge Rd, The Bronx, NY 10461, United States","V44V+7W The Bronx, New York, United States","2100 Williamsbridge Rd, The Bronx, NY 10461, United States"
37,Citgo,Add phone number,"1441 Westchester Ave, The Bronx, NY 10472, United States","R4H8+FX The Bronx, New York, United States","1441 Westchester Ave, The Bronx, NY 10472, United States"
38,Phillips 66,+1 718-861-1709,"902 Soundview Ave, The Bronx, NY 10473, United States","R4FJ+7X The Bronx, New York, United States","902 Soundview Ave, The Bronx, NY 10473, United States"
39,BP,+1 718-402-9201,"481 E 163rd St, The Bronx, NY 10451, United States","R3FQ+WX The Bronx, New York, United States","481 E 163rd St, The Bronx, NY 10451, United States"
40,BP,+1 718-842-0705,"1365 Boston Rd, The Bronx, NY 10456, United States","R4M2+3H The Bronx, New York, United States","1365 Boston Rd, The Bronx, NY 10456, United States"
41,BP,+1 718-993-7339,"281 Bruckner Blvd, The Bronx, NY 10454, United States","R34Q+7F The Bronx, New York, United States","281 Bruckner Blvd, The Bronx, NY 10454, United States"
42,Gulf,+1 347-590-6853,"444 Soundview Ave, The Bronx, NY 10461, United States","R47R+VG New York, United States","444 Soundview Ave, The Bronx, NY 10461, United States"
43,BAYCHESTER CITGO,+1 718-881-6600,"3400-08 Baychester Ave, The Bronx, NY 10475, United States","V5H7+Q3 New York, United States","3400-08 Baychester Ave, The Bronx, NY 10475, United States"
44,BP,+1 718-716-6600,"1862 Webster Ave, The Bronx, NY 10457, United States","R3WX+QH The Bronx, New York, United States","1862 Webster Ave, The Bronx, NY 10457, United States"
45,BP,+1 516-802-7171,"4643 3rd Ave, The Bronx, NY 10458, United States","V445+VF The Bronx, New York, United States","4643 3rd Ave, The Bronx, NY 10458, United States"
46,BP,+1 718-239-1010,"1865 Bruckner Blvd, The Bronx, NY 10472, United States","R4GQ+F6 The Bronx, New York, United States","1865 Bruckner Blvd, The Bronx, NY 10472, United States"
47,BP,+1 347-202-9004,"1930 Bartow Ave, The Bronx, NY 10469, United States","V598+5J The Bronx, New York, United States","1930 Bartow Ave, The Bronx, NY 10469, United States"
48,BP,+1 718-654-4490,"641 E Gun Hill Rd, The Bronx, NY 10467, United States","V4HJ+6W The Bronx, New York, United States","641 E Gun Hill Rd, The Bronx, NY 10467, United States"
49,Citco,Add phone number,"2590 Bailey Ave, The Bronx, NY 10463, United States","V39V+M3 New York, United States",citco.com
50,BP,+1 718-220-5651,"2350 Jerome Ave, The Bronx, NY 10468, United States","V36W+3X The Bronx, New York, United States","2350 Jerome Ave, The Bronx, NY 10468, United States"
51,BP,+1 718-547-8512,"824 Allerton Ave, The Bronx, NY 10467, United States","V48Q+34 The Bronx, New York, United States","824 Allerton Ave, The Bronx, NY 10467, United States"
52,East Coast Petroleum,+1 718-402-5107,"340 Jackson Ave, The Bronx, NY 10454, United States","R35Q+3G The Bronx, New York, United States",eastcoastpetro.com
53,Sunoco Gas Station,Add phone number,"Bronx Blvd, The Bronx, NY 10466, United States","V4VX+H2 New York, United States",Claim this business
54,21st Century Fuel LLC,+1 718-862-4342,"1945 Bartow Ave, The Bronx, NY 10469, United States","V597+5W New York, United States",+1 718-862-4342
55,Wright Way Fuel Oil Co,+1 914-665-0775,"359 S 7th Ave, Mt Vernon, NY 10550, United States","W527+MH Mt Vernon, Pelham, NY, United States",+1 914-665-0775
56,APX International Usa,+1 718-450-8653,"1805 Webster Ave, The Bronx, NY 10457, United States","R3WX+C3 New York, United States",+1 718-450-8653
57,Wave Gas Station,Add phone number,"224 W Lincoln Ave, Mt Vernon, NY 10550, United States","W574+66 Mt Vernon, Pelham, NY, United States",
58,Speedway,+1 718-681-1807,"1201 Webster Ave, The Bronx, NY 10456, United States","R3JR+V2 The Bronx, New York, United States",
59,Global Gas Station,+1 212-939-9299,"89 St Nicholas Pl, New York, NY 10032, United States","R3J5+4Q New York, United States","89 St Nicholas Pl, New York, NY 10032, United States"
60,Amoco,+1 718-402-6035,"164 Willis Ave, The Bronx, NY 10454, United States","R34G+WF The Bronx, New York, United States","164 Willis Ave, The Bronx, NY 10454, United States"
61,Conoco,+1 347-203-2426,"3210 Webster Ave, The Bronx, NY 10467, United States","V4FG+PH The Bronx, New York, United States",conoco.com
62,Conoco,+1 718-654-3727,"780 Burke Ave, The Bronx, NY 10467, United States","V4CP+CH The Bronx, New York, United States","780 Burke Ave, The Bronx, NY 10467, United States"
63,Seven Star Fuel Corporation,+1 718-792-3388,"1608 Zerega Ave, The Bronx, NY 10462, United States","R5Q2+P2 The Bronx, New York, United States",+1 718-792-3388
64,1624 Gas Corporation,+1 718-328-0118,"1624 Boston Rd, The Bronx, NY 10460, United States","R4P5+7X New York, United States",+1 718-328-0118
65,1624 Gas Corporation,+1 718-328-0118,"1624 Boston Rd, The Bronx, NY 10460, United States","R4P5+7X New York, United States",+1 718-328-0118
66,Dave's 5th Ave Station,+1 914-699-8658,"263 S 5th Ave, Mt Vernon, NY 10550, United States","W537+QX Mt Vernon, Pelham, NY, United States",davesstation.com
67,Astoria Generating Company,Add phone number,"18-01 20th Ave, Queens, NY 11105, United States","Q3PM+9W New York, United States",Claim this business
68,Fred M. Schildwachter & Sons Inc.,+1 800-642-3646,"807 S Fulton Ave, Mt Vernon, NY 10550, United States","V5VG+PR Mt Vernon, Pelham, NY, United States",schildwachteroil.com
69,Ashby Fuel Oil Corporation,+1 914-576-0009,"99 Beechwood Ave, New Rochelle, NY 10801, United States","W644+8X New Rochelle, New York, United States",ashbyfueloil.com
70,Ambassador Fuel & Oil Burner Corp,+1 718-585-6200,"1049 Washington Ave, The Bronx, NY 10456, United States","R3GR+X6 The Bronx, New York, United States",+1 718-585-6200
71,Gulf,+1 917-699-4346,"601 E Fordham Rd, The Bronx, NY 10458, United States","V458+C2 New York, United States",gulfoil.com
72,Gulf,Add phone number,"Astor Ave, The Bronx, NY 10467, United States","V45M+P3 New York, United States","Astor Ave, The Bronx, NY 10467, United States"
73,Sinclair,+1 914-237-5306,"561 Kimball Ave, Yonkers, NY 10704, United States","W4CW+8F Yonkers, New York, United States","561 Kimball Ave, Yonkers, NY 10704, United States"
74,Mancuso Oil,+1 914-968-1243,"172 Waverly St, Yonkers, NY 10701, United States","W4H4+WJ Yonkers, New York, United States",+1 914-968-1243
75,City Island Yacht Sales & Marina,+1 718-885-2300,"673 City Island Ave, The Bronx, NY 10464, United States","V645+MC The Bronx, New York, United States",cityislandyacht.com
76,City Island Yacht Sales & Marina,+1 718-885-2300,"673 City Island Ave, The Bronx, NY 10464, United States","V645+MC The Bronx, New York, United States",cityislandyacht.com
77,Sinclair,+1 914-699-0778,"608 N Terrace Ave, Mt Vernon, NY 10552, United States","W5F5+9W Mt Vernon, Pelham, NY, United States",sinclairoil.com
78,Sunoco Gas Station,+1 718-899-3305,"127-48 Northern Blvd, Flushing, NY 11368, United States","Q565+R4 Flushing, Queens, NY, United States","127-48 Northern Blvd, Flushing, NY 11368, United States"
79,East  Coast Energy Group,+1 718-402-5107,"340 Jackson Ave, The Bronx, NY 10454, United States","R35Q+3H The Bronx, New York, United States",ecenergygroup.com
80,Dual Fuel Corporation,+1 347-669-2427,"3601 Fieldston Rd, The Bronx, NY 10463, United States","V3PV+Q7 The Bronx, New York, United States",dualfuelcorp.com
81,Gulf Gas Station,+1 718-274-1143,"2001 31st St, Queens, NY 11105, United States","Q3HV+QF New York, United States","2001 31st St, Queens, NY 11105, United States"
82,East Coast Energy Group,+1 718-402-5107,"340 Jackson Ave, The Bronx, NY 10454, United States","R35Q+3H The Bronx, New York, United States",ecenergygroup.com
83,Dual Fuel Corporation,+1 347-669-2427,"3601 Fieldston Rd, The Bronx, NY 10463, United States","V3PV+Q7 The Bronx, New York, United States",dualfuelcorp.com
