,name,contact number,address1,address2,website
0,"Street Style Sign Studio - Custom Signs, Vehicle Wraps, Business Signs, Outdoor Signs, Vinyl Banners",+1 917-832-1434,,,
1,Clarke & Son Signs,+1 718-822-2034,"2556 E Tremont Ave, The Bronx, NY 10461, United States","R5V2+4J The Bronx, New York, United States",clarkeandsonsigns.com
2,C & C Signs,+1 718-293-2842,"1275 Edward L Grant Hwy # 1, The Bronx, NY 10452, United States","R3QH+52 The Bronx, New York, United States",ccsignsny.com
3,Mike's Signs & Awnings Corp.,+1 718-295-9702,"365 E 197th St, The Bronx, NY 10458, United States","V486+CW The Bronx, New York, United States",mikeawningandsigns.com
4,"New York City Sign Company - Custom Signs, Vehicle Wraps, Outdoor & Indoor Signage, Vinyl Banners",+1 917-508-0600,,,
5,Enterprise Signs,+1 715-303-7446,"2639 Halperin Ave, The Bronx, NY 10461, United States","R5V4+9G The Bronx, New York, United States",+1 715-303-7446
6,American Awning & Sign Depot,+1 718-450-8100,"847C Whittier St, The Bronx, NY 10474, United States","R498+F2 The Bronx, New York, United States",americanawningsign.com
7,NYC NEON REPAIR,+1 718-374-5175,,,
8,Galant Graphics NY,+1 718-618-0055,"2020 Webster Ave, The Bronx, NY 10457, United States","V422+6F The Bronx, New York, United States",galantgraphics.com
9,"Queens Sign Co. - Custom Signs, Business Signs, Vehicle Wraps, Outdoor Signs, Vinyl Banners",+1 347-835-4877,,,
10,AMA Electric & Sign Company,+1 914-530-5252,"30 Warren Pl, Mt Vernon, NY 10550, United States","V5WF+87 Mt Vernon, Pelham, NY, United States",amaelectricsigns.com
11,Majestic Signs,+1 201-837-8104,,,
12,LEDnSIGN.com,+1 718-746-0822,"13-10 111th St, College Point, NY 11356, United States","Q4PV+8H New York, United States",+1 718-746-0822
13,Clear Channel Outdoor,+1 718-665-8765,"440 Exterior Street, The Bronx, NY 10451, United States","R399+3R New York, United States",clearchanneloutdoor.com
14,Stop And Stare Mobile Media Advertising Billboard Trucks NYC | Mobile Truck Ads,+1 718-409-2310,"1315 Blondell Ave, The Bronx, NY 10461, United States","R5R5+G6 The Bronx, New York, United States",stopandstaremm.com
15,Signs NYC,+1 212-791-6600,,,+1 212-791-6600
16,"Imagetek Signs Clifton - Custom Signs, Vehicle Wraps, Outdoor Signs, Vinyl Banners, Sign Company",+1 201-984-4040,,,
17,Signs NYC,+1 718-453-8300,,,
18,Troy Sign Printing Center,+1 718-994-4482,"4827 White Plains Rd, The Bronx, NY 10470, United States","W542+M9 New York, United States",+1 718-994-4482
19,Wonderful Signs + Creative,+1 718-786-0088,"4349 10th St, Queens, NY 11101, United States","Q322+94 Long Island City, Queens, NY, United States",wonderfulsigns.com
20,Majestic Signs,+1 201-837-8104,,,
21,San Signs & Awnings,+1 914-375-6674,"925 Saw Mill River Rd, Yonkers, NY 10710, United States","X48J+W4 Yonkers, New York, United States",sansigns.com
22,DOB Construction Signs,+1 800-370-1352,,,
23,"Genesis Signs & Graphics - Sign Company, Vehicle Wraps, Custom Indoor & Outdoor Signs, Vinyl Banners",+1 516-269-8156,"201 Park Ave, Hicksville, NY 11801, United States","QFFH+2Q Hicksville, Oyster Bay, NY, United States",longislandsignsandwraps.com
24,Sign Expo,+1 212-925-8585,"127 W 26th St #401, New York, NY 10001, United States","P2W5+52 New York, United States",signexpo.com
25,Forrest Sign Company,+1 212-319-0100,"226 E 54th St #502, New York, NY 10022, United States","Q25J+3V New York, United States",forrestsign.com
26,Capital Signs,+1 212-564-1185,"260 W 35th St, New York, NY 10001, United States","Q224+XX New York, United States",capitalsignsny.com
27,"New York  Sign Group Company, Custom Signs NYC, Storefront Signs, HPD Building & Neon Signs, Wall & Window Decals, Residential & Commercial Awnings NYC",+1 646-937-9794,"1250 Broadway 36th floor, New York, NY 10001, United States","P2X6+3R New York, United States",newyorksigngroup.com
28,A-R Signs Interior Signage,+1 917-701-6695,"269 W 36th St, New York, NY 10018, United States","Q235+96 New York, United States",signs10018.com
29,The Sign Company,+1 212-967-2113,"127 W 26th St Suite 400, New York, NY 10001, United States","P2W4+6X New York, United States",thesigncompany.com
30,"Long Island Sign Company - Custom Business Signs, Vehicle Wraps, Indoor & Outdoor Signs",+1 631-203-8933,,,
31,Manhattan Signs,+1 212-564-4400,"224 W 30th St #913, New York, NY 10001, United States","P2X4+GF New York, United States",manhattansignsco.com
32,Audrey Signs Inc,+1 212-769-4992,"600 W 57th St, New York, NY 10019, United States","Q2C5+47 New York, United States",audreysigns.com
33,Pier 1 - In,+1 718-671-1341,"2146 Bartow Ave, The Bronx, NY 10475, United States","V58C+PX The Bronx, New York, United States","V58C+PX The Bronx, New York, United States"
34,Specialty Signs,+1 212-243-8521,"127 W 26th St Suite 400, New York, NY 10018, United States","P2W4+6X New York, United States",specialtysigns.com
35,New York City Signs & Awnings,+1 212-461-1625,"234 5th Avenue Second Floor, New York, NY 10001, United States","P2V6+PQ New York, United States",signsnewyorkcity.com
36,Manhattan Signs,+1 212-564-4400,"Suite KD1, 91 Tulip Ave, Floral Park, NY 11001, United States","P7GV+CH Floral Park, Hempstead, NY, United States",manhattansignsco.com
37,"ImageTEK Signs & Graphics - Custom Signs, Outdoor Signs, Vehicle Wraps, Vinyl Banners",+1 201-351-8755,"23 Birch St b, Midland Park, NJ 07432, United States","XVR3+Q7 Midland Park, New Jersey, United States",imageteksigns.com
38,PAYLESS SIGNS,+1 212-912-3456,"1411 Broadway, New York, NY 10018, United States","Q236+JX New York, United States",paylesssignsny.com
39,Target,+1 718-401-5651,"700 Exterior Street, The Bronx, NY 10451, United States","R3F9+GR The Bronx, New York, United States","R3F9+GR The Bronx, New York, United States"
40,The Home Depot,+1 718-862-9800,"1806 E Gun Hill Rd, The Bronx, NY 10469, United States","V568+QW The Bronx, New York, United States","V568+QW The Bronx, New York, United States"
41,The Home Depot,+1 718-828-1071,"2560 Bruckner Blvd, The Bronx, NY 10465, United States","R5G6+Q7 The Bronx, New York, United States","R5G6+Q7 The Bronx, New York, United States"
42,Michaels,+1 347-767-3409,"700 Exterior Street Suite 301A, The Bronx, NY 10451, United States","R3F9+HR The Bronx, New York, United States","R3F9+HR The Bronx, New York, United States"
43,Gotham Signs And Graphics,+1 914-315-6120,"615 Center Ave, Mamaroneck, NY 10543, United States","W7X3+9G Mamaroneck, NY, United States",gothamsignsandgraphics.com
44,Vida Signs,+1 212-388-9388,"25 Canal St, New York, NY 10002, United States","P275+VR New York, United States",vidasigns.com
45,Vital Signs NY,+1 718-476-1900,,,
46,Staples,+1 718-409-9260,"2040 White Plains Rd, The Bronx, NY 10462, United States","V42M+R2 The Bronx, New York, United States","V42M+R2 The Bronx, New York, United States"
47,A & A Signs & Awnings Corp.,+1 718-441-6651,"87-64 126th St, Richmond Hill, NY 11418, United States","M5XG+Q9 New York, United States",anasignscorp.com
48,emerald signs and awnings,+1 718-366-8100,"16-32 Decatur St, Ridgewood, NY 11385, United States","M3VX+XM Ridgewood, Queens, NY, United States",emeraldsigns.com
49,Staples,+1 718-884-6344,"5680 Broadway, The Bronx, NY 10463, United States","V3JX+C3 The Bronx, New York, United States","V3JX+C3 The Bronx, New York, United States"
50,Target,+1 718-536-2689,"815 Hutchinson River Pkwy, The Bronx, NY 10465, United States","R5F7+M2 The Bronx, New York, United States","R5F7+M2 The Bronx, New York, United States"
51,Target,+1 718-733-7199,"40 W 225th St #50, The Bronx, NY 10463, United States","V3FR+9W The Bronx, New York, United States","V3FR+9W The Bronx, New York, United States"
52,Paul Signs Inc.,+1 718-788-7593,"654 4th Ave, Brooklyn, NY 11232, United States","M274+G2 Brooklyn, New York, United States","M274+G2 Brooklyn, New York, United States"
53,City Printing & Signs,+1 212-564-1017,"163 W 35th St, New York, NY 10001, United States","Q226+J4 New York, United States",cityprintingny.com
54,Led Signs and led lighting,+1 917-345-1862,"14604 Rockaway Blvd, Jamaica, NY 11436, United States","M6F5+89 New York, United States",ledlemedia.com
55,Kmart,+1 718-671-5377,"300 Baychester Ave, The Bronx, NY 10475, United States","V58C+G5 The Bronx, New York, United States","V58C+G5 The Bronx, New York, United States"
56,Sign & Graphic Touch,+1 718-423-0906,"253_07 Northern Blvd, Little Neck, NY 11363, United States","Q7C7+9Q Little Neck, Queens, NY, United States",nysigntouch.net
57,Kmart,+1 718-430-9439,"1998 Bruckner Blvd, The Bronx, NY 10473, United States","R4GV+37 The Bronx, New York, United States","R4GV+37 The Bronx, New York, United States"
58,Brooklyn Signs,+1 718-252-7575,"1966 Coney Island Ave, Brooklyn, NY 11223, United States","J25Q+J2 Brooklyn, New York, United States",brooklynsigns.com
59,Brooklyn Signs,+1 718-252-7575,"6404 14th Ave, Brooklyn, NY 11219, United States","J2G2+49 Brooklyn, New York, United States",brooklynsigns.com
60,Quality Furniture Warehouse,+1 718-515-9946,"3204 Bainbridge Ave, The Bronx, NY 10467, United States","V4GC+88 The Bronx, New York, United States",quality-furniturewarehouse.com
61,Mr. Sign,+1 718-831-2929,"1920 Atlantic Ave, Brooklyn, NY 11233, United States","M3GF+PR Brooklyn, New York, United States",mrsignusa.com
62,"Store Signs by Forrest Signs, LLC",+1 201-988-4557,,,
63,"CALLAHEAD Portable Toilets, Inc.",+1 718-634-4834,"557 Grand Concourse #3, The Bronx, NY 10451, United States","R39F+J2 The Bronx, New York, United States",callahead.com
64,Majestic Signs,+1 201-837-8104,"951 Teaneck Rd, Teaneck, NJ 07666, United States","VXQV+2W Teaneck, New Jersey, United States",majesticsigns.net
65,Lamar Advertising Co,+1 212-644-6147,"122 E 42nd St #380, New York, NY 10168, United States","Q22F+F9 New York, United States",+1 212-644-6147
66,Long Island Sign Company,+1 516-758-2053,"235-O, Robbins Ln, Syosset, NY 11791, United States","QFXJ+GX Syosset, Oyster Bay, NY, United States",longislandsigncompany.com
67,Regional Signs,+1 631-608-0181,"81 Ralph Ave, Copiague, NY 11726, United States","MHVX+MW North Amityville, Babylon, NY, United States",regionalsigns.com
68,Majestic Signs,+1 201-837-8104,,,
69,FASTSIGNS,+1 212-779-1027,"6 E 30th St, New York, NY 10016, United States","P2W7+5J New York, United States",fastsigns.com
70,Suffolk County Signs | Custom Sign Shop | Business Signage Company | Indoor & Outdoor Signs,+1 631-250-6219,"694 Motor Pkwy, Hauppauge, NY 11788, United States","RQ46+VM Hauppauge, Smithtown, NY, United States",suffolkcountysigncompany.com
71,SIGNS VISUAL,+1 646-240-5724,"135 E 57th St, New York, NY 10022, United States","Q26J+H7 New York, United States",signs.nyc
72,Michael's Commercial SIGNS,+1 201-351-1531,"4250 West Side Ave, North Bergen, NJ 07047, United States","QXM6+FX North Bergen, New Jersey, United States",michaelscommercialsigns.com
73,Lamar Outdoor Advertising,+1 718-784-3339,"53-17 Vernon Blvd, Long Island City, NY 11101, United States","P2QW+X3 New York, United States",lamar.com
74,Brooklyn Signs,+1 718-877-7711,"1800 Stillwell Ave, Brooklyn, NY 11204, United States","J237+29 Brooklyn, New York, United States",brooklynsigns.com
75,Blue Outdoor,+1 212-759-0200,"419 Park Ave S Queen, New York, NY 10016, United States","P2V8+FM New York, United States",+1 212-759-0200
76,Clear Channel Outdoor,+1 212-812-0000,"99 Park Ave 2nd floor, New York, NY 10016, United States","Q22C+5J New York, United States",clearchanneloutdoor.com
77,Majestic Signs,+1 201-837-8104,"7 Collins Ave, Closter, NJ 07624, United States","X3C4+P7 Closter, New Jersey, United States",majesticsigns.net
78,Signarama Forest Hills,+1 718-268-8180,"101-09 Jamaica Ave, Queens, NY 11418, United States","M5W3+4H Queens, New York, United States","M5W3+4H Queens, New York, United States"
79,CBS Outdoor,+1 800-926-8834,"1515 Broadway, New York, NY 10036, United States","Q257+5G New York, United States",+1 800-926-8834
80,"Signs Visual Industries, Inc",+1 212-945-8706,"1514 Broadway, New York, NY 10036, United States","Q247+WQ New York, United States",largeformatprintingnewyork.com
81,Manhattan Neon Sign Corporation,+1 212-714-0430,"650 Newark St, Hoboken, NJ 07030, United States","PXP5+M4 Hoboken, New Jersey, United States",manhattanneon.com
82,Signs By Tomorrow - Paramus,+1 973-423-4600,"1108 A, Goffle Rd, Hawthorne, NJ 07506, United States","XR9W+PX Hawthorne, New Jersey, United States","XR9W+PX Hawthorne, New Jersey, United States"
83,Valle Signs & Awnings,+1 516-408-3440,"55 Decker St, Copiague, NY 11726, United States","MHRX+VQ Copiague, Babylon, NY, United States",vallesigns.com
84,Manhattan Signs,+1 973-278-3603,"130 Beckwith Ave, Paterson, NJ 07503, United States","WR4Q+HF Paterson, New Jersey, United States",manhattansignsco.com
