,name,contact number,address1,address2,website
0,"Street Style Sign Studio - Custom Signs, Vehicle Wraps, Business Signs, Outdoor Signs, Vinyl Banners",+1 917-832-1434,,,
1,"New York City Sign Company - Custom Signs, Vehicle Wraps, Outdoor & Indoor Signage, Vinyl Banners",+1 917-508-0600,,,
2,"Queens Sign Co. - Custom Signs, Business Signs, Vehicle Wraps, Outdoor Signs, Vinyl Banners",+1 347-835-4877,,,
3,"Queens Sign Company: Custom Business Signs, Vehicle Wraps, Banner Printing Near Me, Outdoor Signs",+1 347-343-3114,,,
4,"Long Island Sign Company - Custom Business Signs, Vehicle Wraps, Indoor & Outdoor Signs",+1 631-203-8933,,,
5,"Imagetek Signs Clifton - Custom Signs, Vehicle Wraps, Outdoor Signs, Vinyl Banners, Sign Company",+1 201-984-4040,,,
6,San Signs & Awnings,+1 914-375-6674,"925 Saw Mill River Rd, Yonkers, NY 10710, United States","X48J+W4 Yonkers, New York, United States",sansigns.com
7,"Genesis Signs & Graphics - Sign Company, Vehicle Wraps, Custom Indoor & Outdoor Signs, Vinyl Banners",+1 516-269-8156,"201 Park Ave, Hicksville, NY 11801, United States","QFFH+2Q Hicksville, Oyster Bay, NY, United States",longislandsignsandwraps.com
8,"Genesis Signs & Graphics - Sign Company, Vehicle Wraps, Custom Indoor & Outdoor Signs, Vinyl Banners",+1 516-269-8131,,,
9,"ImageTEK Signs & Graphics - Custom Signs, Outdoor Signs, Vehicle Wraps, Vinyl Banners",+1 201-351-8755,"23 Birch St b, Midland Park, NJ 07432, United States","XVR3+Q7 Midland Park, New Jersey, United States",imageteksigns.com
10,Gotham Signs And Graphics,+1 914-315-6120,"615 Center Ave, Mamaroneck, NY 10543, United States","W7X3+9G Mamaroneck, NY, United States",gothamsignsandgraphics.com
11,New York Signs & Window Film,+1 914-347-8468,"145 N Saw Mill River Rd, Elmsford, NY 10523, United States","355M+VJ Elmsford, Greenburgh, NY, United States",nysignsny.com
12,"Port Jeff Signs & Graphics - Sign Company, Vehicle Wraps, Indoor & Outdoor Signs, Vinyl Banners & Printing",+1 631-250-6322,"200 Wilson St Unit C-2, Port Jefferson Station, NY 11776, United States","WWMV+GC Port Jefferson Station, Brookhaven, NY, United States",suffolkcountysigncompany.com
13,C&M Sign Company,+1 914-241-3325,"185 Rte 117 Bypass Rd, Bedford Hills, NY 10507, United States","68W8+7V Bedford Hills, Bedford, NY, United States",candmsign.com
14,Suffolk County Signs | Custom Sign Shop | Business Signage Company | Indoor & Outdoor Signs,+1 631-250-6219,"694 Motor Pkwy, Hauppauge, NY 11788, United States","RQ46+VM Hauppauge, Smithtown, NY, United States",suffolkcountysigncompany.com
15,Majestic Signs,+1 201-837-8104,,,
16,Clarke &  Son Signs,+1 718-822-2034,"2556 E Tremont Ave, The Bronx, NY 10461, United States","R5V2+4J The Bronx, New York, United States",clarkeandsonsigns.com
17,Sign Works Inc,+1 914-592-0700,"150 Clearbrook Rd # 150, Elmsford, NY 10523, United States","35FP+PQ Tarrytown, Greenburgh, NY, United States",thesignworks.com
18,"Long Island Signs & Graphics: Sign Company, Custom Outdoor & Indoor Signage, Vinyl Printing",+1 631-250-6200,"40 Aero Rd, Bohemia, NY 11716, United States","QWH5+QF Bohemia, Islip, NY, United States",suffolkcountysigncompany.com
