,name,contact number,address1,address2,website
0,Keepers Self Storage,+1 212-333-9336,"444 E 10th St, New York, NY 10009, United States","P2FF+WM New York, United States",keepers-storage.com
1,CubeSmart Self Storage,+1 914-682-7998,"80 S Kensico Ave, White Plains, NY 10601, United States","26PV+83 White Plains, New York, United States",cubesmart.com
2,Safeguard Self Storage,+1 914-885-9208,"3-7 Valley Ave, Elmsford, NY 10523, United States","354H+43 Elmsford, Greenburgh, NY, United States","354H+43 Elmsford, Greenburgh, NY, United States"
3,CubeSmart Self Storage,+1 914-682-7998,"80 S Kensico Ave, White Plains, NY 10601, United States","26PV+83 White Plains, New York, United States",cubesmart.com
4,Westchester Self Storage,+1 914-241-7070,"34 Norm Ave suite a, Bedford Hills, NY 10507, United States","67FJ+GJ Bedford Hills, Bedford, NY, United States",westchesterselfstorage.com
5,Westchester Self Storage,Add phone number,"Mohegan Lake, NY 10547, United States","848R+7H Mohegan Lake, Yorktown, NY, United States",westchesterselfstorage.com
6,StorQuest Self Storage,+1 914-764-7003,"950 Broadway, Thornwood, NY 10594, United States","46G9+3M Thornwood, Mt Pleasant, NY, United States","46G9+3M Thornwood, Mt Pleasant, NY, United States"
7,Clutter Self-Storage,+1 914-368-2506,"1 Holland Ave, White Plains, NY 10603, United States","26XG+QX White Plains, New York, United States",clutter.com
8,Westchester Self Storage,+1 914-763-4040,"South Salem, NY 10590, United States",westchesterselfstorage.com,+1 914-763-4040
9,Storage Post Self Storage,+1 914-290-6171,"131 Saw Mill River Rd, Yonkers, NY 10701, United States","W4R9+W2 Yonkers, New York, United States",storagepost.com
10,Safeguard Self Storage,+1 914-885-9242,"85 Weyman Ave, New Rochelle, NY 10805, United States","V6X5+FC New Rochelle, New York, United States","V6X5+FC New Rochelle, New York, United States"
11,StorQuest Self Storage,+1 914-930-4262,"2 Highland St, Port Chester, NY 10573, United States","283R+33 Port Chester, Rye, NY, United States",storquest.com
12,Storage Post Self Storage,+1 914-614-8731,"1760 Front St, Yorktown Heights, NY 10598, United States","769C+FH Yorktown Heights, Yorktown, NY, United States",storagepost.com
13,GoodFriend Self Storage Briarcliff,+1 914-371-3117,"588 N State Rd, Briarcliff Manor, NY 10510, United States","55CP+F2 Briarcliff Manor, Ossining, NY, United States",goodfriendstorage.com
14,Westy Self Storage,+1 914-347-8888,"395 Saw Mill River Rd, Elmsford, NY 10523, United States","359M+M9 Elmsford, Greenburgh, NY, United States",westy.com
15,Safe Haven Self Storage,+1 914-592-1000,"444 Saw Mill River Rd, Elmsford, NY 10523, United States","35CP+44 Elmsford, Greenburgh, NY, United States",safehavenselfstorage.com
16,GoodFriend Self Storage Zerega Avenue,+1 347-836-6575,"1320 Zerega Ave, The Bronx, NY 10462, United States","R5P4+42 The Bronx, New York, United States",goodfriendstorage.com
17,Westy Self Storage,+1 914-793-0000,"65 Marbledale Rd, Tuckahoe, NY 10707, United States","X52H+MC Tuckahoe, Eastchester, NY, United States",westy.com
18,Planet Self Storage - Mt. Kisco,+1 914-533-4213,"65 Kensico Dr, Mt Kisco, NY 10549, United States","67CH+PH Mt Kisco, NY, United States",planetselfstorage.com
19,The Lock Up Self Storage,+1 914-357-4411,"630 Saw Mill River Rd, Ardsley, NY 10502, United States","2562+68 Ardsley, Greenburgh, NY, United States",thelockup.com
20,Montgomery Self Storage,+1 845-457-6229,"9 Factory St, Montgomery, NY 12549, United States","GQGF+QJ Montgomery, NY, United States",selfstoragemontgomeryny.com
21,Keepers Self Storage,+1 212-333-9336,"444 E 10th St, New York, NY 10009, United States","P2FF+WM New York, United States",keepers-storage.com
22,Mamaroneck Self Storage,+1 914-777-1177,"426 Waverly Ave, Mamaroneck, NY 10543, United States","W7X4+XV Mamaroneck, NY, United States",mamaroneckselfstorage.com
23,CubeSmart Self Storage,+1 914-736-1360,"3277 Crompond Rd, Yorktown Heights, NY 10598, United States","75RF+32 Yorktown Heights, Yorktown, NY, United States",cubesmart.com
24,GoodFriend Self Storage New Rochelle,+1 914-202-2531,"175 Huguenot St, New Rochelle, NY 10801, United States","W679+39 New Rochelle, New York, United States",goodfriendstorage.com
25,CubeSmart Self Storage,+1 914-337-1666,"40 Marbledale Rd, Tuckahoe, NY 10707, United States","X52H+8G Tuckahoe, Eastchester, NY, United States",cubesmart.com
26,Westchester Self Storage,+1 914-242-1965,"Katonah, NY 10536, United States",westchesterselfstorage.com,+1 914-242-1965
27,Public Storage,+1 914-294-2082,"137 Saw Mill River Rd, Yonkers, NY 10701, United States","W4V9+39 Yonkers, New York, United States",publicstorage.com
28,Tarrytown Self Storage,+1 914-631-7867,"63 Cortlandt St, Tarrytown, NY 10591, United States","34JP+56 Tarrytown, Greenburgh, NY, United States",tarrytownselfstorage.com
29,Safeguard Self Storage,+1 914-885-9239,"188 S Broadway, Yonkers, NY 10705, United States","W4G3+PR Yonkers, New York, United States","W4G3+PR Yonkers, New York, United States"
30,CubeSmart Self Storage,+1 845-627-0281,"20 N Middletown Rd, Nanuet, NY 10954, United States","3XXQ+GP Nanuet, Clarkstown, NY, United States",cubesmart.com
31,CubeSmart Self Storage,+1 845-580-2168,"115 NY-303, Tappan, NY 10983, United States","23J4+6Q Tappan, Orangetown, NY, United States",cubesmart.com
32,Westy Self Storage,+1 914-935-3333,"299 Boston Post Rd, Port Chester, NY 10573, United States","X8VH+RH Port Chester, Rye, NY, United States",westy.com
33,Katonah Self Storage,+1 914-242-0404,"341 Railroad Ave, Bedford Hills, NY 10507, United States","68R6+W4 Bedford Hills, Bedford, NY, United States",katonahselfstorage.com
34,Clutter Self-Storage,+1 914-200-1877,"280 Fullerton Ave, Yonkers, NY 10704, United States","W4QV+V9 Yonkers, New York, United States",clutter.com
35,Keepers Self Storage,+1 845-350-2800,"92 NY-59, Nyack, NY 10960, United States","33W6+5C Nyack, Orangetown, NY, United States",keepers-storage.com
36,CubeSmart Self Storage,+1 914-633-3744,"111 Cedar St, New Rochelle, NY 10801, United States","W689+PR New Rochelle, New York, United States",cubesmart.com
37,"GoodFriend Self Storage White Plains Road, Bronx/Mt Vernon",+1 914-703-4924,"316 W 1st St, Mt Vernon, NY 10550, United States","W542+QP Mt Vernon, Pelham, NY, United States",goodfriendstorage.com
38,Hastings Self Storage,+1 914-478-5160,"1337 Saw Mill River Rd, Hastings-On-Hudson, NY 10706, United States","X4JM+GQ Hastings-On-Hudson, Greenburgh, NY, United States",hastingsselfstorage.net
39,US Storage Centers,+1 914-873-0800,"130 Brady Ave, Hawthorne, NY 10532, United States","36W4+RV Hawthorne, Mt Pleasant, NY, United States",usstoragecenters.com
40,Montgomery Self Storage,+1 845-457-6229,"9 Factory St, Montgomery, NY 12549, United States","GQGF+QJ Montgomery, NY, United States",selfstoragemontgomeryny.com
41,Keepers Self Storage,+1 212-333-9336,"444 E 10th St, New York, NY 10009, United States","P2FF+WM New York, United States",keepers-storage.com
42,Spare Cube Self Storage,+1 914-737-1500,"1 Highland Indust Park Drive, Peekskill, NY 10566, United States","833G+WP Peekskill, Cortlandt, NY, United States",sparecube.com
43,Cortlandt Self Storage,+1 914-528-7867,"44 Regina Ave, Mohegan Lake, NY 10547, United States","846P+5P Mohegan Lake, Yorktown, NY, United States",cortlandtstorage.com
44,Storage Post Self Storage,+1 914-290-6279,"858 Pelham Pkwy, Pelham, NY 10803, United States","V5RJ+XG Pelham, Village of Pelham, NY, United States",storagepost.com
45,Safeguard Self Storage,+1 646-452-9370,"4301 Bronx Blvd, The Bronx, NY 10466, United States","V4WQ+WX The Bronx, New York, United States","V4WQ+WX The Bronx, New York, United States"
46,Storage Post Self Storage,+1 914-740-8131,"363 Huguenot St, New Rochelle, NY 10801, United States","W647+WP New Rochelle, New York, United States",storagepost.com
47,Storage Post Self Storage,+1 516-299-8590,"88 Hazel St, Glen Cove, NY 11542, United States","V93H+7C Glen Cove, New York, United States",storagepost.com
48,American Self Storage,+1 718-690-7415,"586 River Ave, The Bronx, NY 10451, United States","R3CC+67 New York, United States",americanselfstorage.com
49,CubeSmart Self Storage,+1 718-430-0001,"1980 White Plains Rd, The Bronx, NY 10462, United States","R4XJ+XX The Bronx, New York, United States",cubesmart.com
50,Safe Haven Self Storage,+1 914-666-7233,"333 N Bedford Rd, Mt Kisco, NY 10549, United States","679J+X7 Mt Kisco, NY, United States",safehavenselfstorage.com
51,Moishe's Self Storage,+1 718-993-5650,"840 E 134th St, The Bronx, NY 10454, United States","R32Q+6F The Bronx, New York, United States",moishesselfstorage.com
52,Clancy Self Storage,+1 845-288-5023,"133 NY-22, Pawling, NY 12564, United States","GCM7+WQ Pawling, NY, United States",clancyselfstorage.com
53,CubeSmart Self Storage,+1 347-478-5478,"2301 Tillotson Ave, The Bronx, NY 10475, United States","V5MF+7H The Bronx, New York, United States",cubesmart.com
54,Yorktown Self Storage,+1 914-528-5500,"2720 Lexington Ave, Mohegan Lake, NY 10547, United States","74VW+CJ Mohegan Lake, Yorktown, NY, United States",yorktownselfstorage.com
55,Westy Self Storage,+1 914-937-2222,"351 N Main St, Port Chester, NY 10573, United States","284R+HP Port Chester, Rye, NY, United States",westy.com
56,Safeguard Self Storage,+1 718-475-5644,"1112 E Tremont Ave, The Bronx, NY 10460, United States","R4QF+V9 The Bronx, New York, United States","R4QF+V9 The Bronx, New York, United States"
57,CubeSmart Self Storage,+1 914-632-9700,"35 Winthrop Ave, New Rochelle, NY 10801, United States","W696+PG New Rochelle, New York, United States",cubesmart.com
58,CubeSmart Self Storage,+1 347-378-5770,"2880 Exterior St, The Bronx, NY 10463, United States","V3GV+7J The Bronx, New York, United States",cubesmart.com
59,CubeSmart Self Storage,+1 914-297-7450,"750 S Fulton Ave, Mt Vernon, NY 10550, United States","V5VG+X3 Mt Vernon, Pelham, NY, United States",cubesmart.com
60,Montgomery Self Storage,+1 845-457-6229,"9 Factory St, Montgomery, NY 12549, United States","GQGF+QJ Montgomery, NY, United States",selfstoragemontgomeryny.com
61,Montgomery Self Storage,+1 845-457-6229,"9 Factory St, Montgomery, NY 12549, United States","GQGF+QJ Montgomery, NY, United States",selfstoragemontgomeryny.com
62,Guardian Self Storage,+1 845-838-3800,"629 NY-52, Beacon, NY 12508, United States","G3C6+XJ Beacon, Fishkill, NY, United States",guardianselfstorage.com
63,Storage Post Self Storage,+1 718-208-4838,"301 W Fordham Rd, The Bronx, NY 10468, United States","V37Q+J7 The Bronx, New York, United States",storagepost.com
64,CubeSmart Self Storage,+1 718-620-4545,"955 Bronx River Ave, The Bronx, NY 10473, United States","R4C8+VR The Bronx, New York, United States",cubesmart.com
65,CubeSmart Self Storage,+1 718-991-1430,"1425 Bruckner Blvd, The Bronx, NY 10472, United States","R4F9+F2 The Bronx, New York, United States",cubesmart.com
66,Extra Space Storage,+1 914-668-0300,"102 N MacQuesten Pkwy, Mt Vernon, NY 10550, United States","W583+32 Mt Vernon, Pelham, NY, United States",extraspace.com
67,Harlem Self-Storage,+1 212-283-5500,"2350 5th Ave, New York, NY 10037, United States","R387+VR New York, United States",harlemself-storage.com
68,Public Storage,+1 845-746-2059,"185 NY-59, Monsey, NY 10952, United States","4W59+59 Monsey, Ramapo, NY, United States",publicstorage.com
69,CubeSmart Self Storage,+1 718-601-1520,"5740 Broadway, The Bronx, NY 10463, United States","V3MX+4C The Bronx, New York, United States",cubesmart.com
70,Public Storage,+1 914-619-5500,"955 Saw Mill River Rd, Yonkers, NY 10710, United States","X49J+G6 Yonkers, New York, United States",publicstorage.com
71,Life Storage,+1 845-287-0313,"76 Old Rte 6, Carmel Hamlet, NY 10512, United States","C87P+G8 Carmel Hamlet, Carmel, NY, United States",lifestorage.com
72,Westy Self Storage,+1 516-327-5000,"2400 Marcus Ave, New Hyde Park, NY 11042, United States","Q845+XM New Hyde Park, North Hempstead, NY, United States",westy.com
73,Extra Space Storage,+1 914-930-1206,"3333 Crompond Rd, Yorktown Heights, NY 10598, United States","75Q9+W9 Yorktown Heights, Yorktown, NY, United States",extraspace.com
74,Life Storage,+1 845-271-7766,"5 Lupi Ct, Mahopac, NY 10541, United States","9742+2R Mahopac, Carmel, NY, United States",lifestorage.com
75,Storage Post Self Storage,+1 845-501-6806,"2 Dunnigan Dr, Suffern, NY 10901, United States","4V8M+GH Suffern, Ramapo, NY, United States",storagepost.com
76,Public Storage,+1 845-746-2052,"7 S Pascack Rd, Spring Valley, NY 10977, United States","4X48+JH Spring Valley, Ramapo, NY, United States",publicstorage.com
77,Extra Space Storage,+1 718-904-7867,"1037 Zerega Ave, The Bronx, NY 10462, United States","R5H4+P6 The Bronx, New York, United States",extraspace.com
78,Extra Space Storage,+1 646-561-9420,"3330 Broadway, New York, NY 10031, United States","R29W+V3 New York, United States",extraspace.com
79,Putnam Self Storage,+1 845-225-5055,"251 NY-52, Carmel Hamlet, NY 10512, United States","C8R9+7H Lake Carmel, Kent, NY, United States",putnamstorage.net
80,Montgomery Self Storage,+1 845-457-6229,"9 Factory St, Montgomery, NY 12549, United States","GQGF+QJ Montgomery, NY, United States",selfstoragemontgomeryny.com
81,Montgomery Self Storage,+1 845-457-6229,"9 Factory St, Montgomery, NY 12549, United States","GQGF+QJ Montgomery, NY, United States",selfstoragemontgomeryny.com
82,Public Storage,+1 845-746-2061,"203 New Clarkstown Rd, Spring Valley, NY 10977, United States","4X49+8V Spring Valley, Ramapo, NY, United States",publicstorage.com
83,Public Storage,+1 845-208-5551,"354 US-6, Mahopac, NY 10541, United States","9752+8V Mahopac, Carmel, NY, United States",publicstorage.com
84,CubeSmart Self Storage,+1 718-684-6447,"1260 Waters Pl, The Bronx, NY 10461, United States","V536+CH The Bronx, New York, United States",cubesmart.com
85,Extra Space Storage,+1 845-624-7777,"361 W Rte 59, Nanuet, NY 10954, United States","4X2F+C3 Nanuet, Clarkstown, NY, United States",extraspace.com
86,Manhattan Mini Storage,+1 646-956-3579,"290 Dyckman St, New York, NY 10034, United States","V38C+V3 New York, United States",manhattanministorage.com
87,Newburgh City Self Storage,+1 845-561-5940,"612 Broadway, Newburgh, NY 12550, United States","GX37+52 Newburgh, New York, United States",newburghselfstorage.com
88,U-Haul Moving & Storage of White Plains,+1 914-949-2525,"1 Virginia Rd, White Plains, NY 10603, United States","363J+Q5 White Plains, New York, United States",uhaul.com
89,CubeSmart Self Storage,+1 718-292-4888,"395 Brook Ave, The Bronx, NY 10454, United States","R36M+J3 The Bronx, New York, United States",cubesmart.com
90,CubeSmart Self Storage,+1 718-991-2999,"1816 Boston Rd, The Bronx, NY 10460, United States","R4Q7+9V The Bronx, New York, United States",cubesmart.com
91,Beacon Self Storage,+1 845-831-7867,"39 Front St # 2, Beacon, NY 12508, United States","G373+FG Beacon, Fishkill, NY, United States",beaconstorageny.com
92,CubeSmart Self Storage,+1 718-239-6333,"1235 E Tremont Ave, The Bronx, NY 10460, United States","R4RH+27 The Bronx, New York, United States",cubesmart.com
93,Safe Haven Self Storage,+1 914-773-6264,"1 Commerce St, Valhalla, NY 10595, United States","36Q6+7V Valhalla, Mt Pleasant, NY, United States",safehavenselfstorage.com
94,Manhattan Mini Storage,+1 646-992-3046,"108-110 W 107th St, New York, NY 10025, United States","R22P+3J New York, United States",manhattanministorage.com
95,Manhattan Mini Storage,+1 646-906-9416,"5030 Broadway, New York, NY 10034, United States","V39M+GH New York, United States",manhattanministorage.com
96,Extra Space Storage,+1 646-713-1236,"485 W 129th St, New York, NY 10027, United States","R27W+WF New York, United States",extraspace.com
97,Public Storage,+1 914-595-2498,"400 Nepperhan Ave, Yonkers, NY 10701, United States","W4Q7+RQ Yonkers, New York, United States",publicstorage.com
98,Stop and Stor Co-op City / Eastchester,+1 718-898-8000,"2385 Hollers Ave, The Bronx, NY 10475, United States","V5PG+7C The Bronx, New York, United States",stopandstor.com
99,Public Storage,+1 845-219-5293,"1059 NY-94, New Windsor, NY 12553, United States","FW3Q+54 New Windsor, NY, United States",publicstorage.com
