,name,contact number,address1,address2,website
0,Prime Storage,+1 718-736-2122,"1260 Zerega Ave, The Bronx, NY 10462, United States","R5M3+WW The Bronx, New York, United States",primestoragegroup.com
1,Treasure Island Storage,+1 347-647-2919,"2325 Hollers Ave, The Bronx, NY 10475, United States","V5PF+2J The Bronx, New York, United States",tistorage.com
2,CubeSmart Self Storage,+1 718-402-2322,"255 Exterior Street, The Bronx, NY 10451, United States","R379+R8 The Bronx, New York, United States",cubesmart.com
3,Safeguard Self Storage,+1 646-452-9370,"4301 Bronx Blvd, The Bronx, NY 10466, United States","V4WQ+WX The Bronx, New York, United States","V4WQ+WX The Bronx, New York, United States"
4,Extra Space Storage,+1 718-904-7867,"1037 Zerega Ave, The Bronx, NY 10462, United States","R5H4+P6 The Bronx, New York, United States",extraspace.com
5,Safeguard Self Storage,+1 718-475-5646,"1253 Jerome Ave, The Bronx, NY 10452, United States","R3PH+XG The Bronx, New York, United States","R3PH+XG The Bronx, New York, United States"
6,Safeguard Self Storage,+1 718-475-5646,"1253 Jerome Ave, The Bronx, NY 10452, United States","R3PH+XG The Bronx, New York, United States","R3PH+XG The Bronx, New York, United States"
7,CubeSmart Self Storage,+1 718-620-4545,"955 Bronx River Ave, The Bronx, NY 10473, United States","R4C8+VR The Bronx, New York, United States",cubesmart.com
8,CubeSmart Self Storage,+1 718-601-1520,"5740 Broadway, The Bronx, NY 10463, United States","V3MX+4C The Bronx, New York, United States",cubesmart.com
9,Storage Post Self Storage,+1 347-773-0466,"979 Brook Ave, The Bronx, NY 10451, United States","R3GQ+H5 The Bronx, New York, United States",storagepost.com
10,American Self Storage,+1 718-690-7415,"586 River Ave, The Bronx, NY 10451, United States","R3CC+67 New York, United States",americanselfstorage.com
11,CubeSmart Self Storage,+1 718-239-6333,"1235 E Tremont Ave, The Bronx, NY 10460, United States","R4RH+27 The Bronx, New York, United States",cubesmart.com
12,CubeSmart Self Storage,+1 347-478-5478,"2301 Tillotson Ave, The Bronx, NY 10475, United States","V5MF+7H The Bronx, New York, United States",cubesmart.com
13,Safeguard Self Storage,+1 718-475-5644,"1112 E Tremont Ave, The Bronx, NY 10460, United States","R4QF+V9 The Bronx, New York, United States","R4QF+V9 The Bronx, New York, United States"
14,Public Storage,+1 347-767-5500,"385 Gerard Ave, The Bronx, NY 10451, United States","R389+MR The Bronx, New York, United States",publicstorage.com
15,CubeSmart Self Storage,+1 718-684-6447,"1260 Waters Pl, The Bronx, NY 10461, United States","V536+CH The Bronx, New York, United States",cubesmart.com
16,GoodFriend Self Storage Zerega Avenue,+1 347-836-6575,"1320 Zerega Ave, The Bronx, NY 10462, United States","R5P4+42 The Bronx, New York, United States",goodfriendstorage.com
17,CubeSmart Self Storage,+1 718-585-7867,"200 E 135th St, The Bronx, NY 10451, United States","R369+38 The Bronx, New York, United States",cubesmart.com
18,CubeSmart Self Storage,+1 718-991-2999,"1816 Boston Rd, The Bronx, NY 10460, United States","R4Q7+9V The Bronx, New York, United States",cubesmart.com
19,CubeSmart Self Storage,+1 718-292-4888,"395 Brook Ave, The Bronx, NY 10454, United States","R36M+J3 The Bronx, New York, United States",cubesmart.com
20,Prime Storage,+1 718-736-2122,"1260 Zerega Ave, The Bronx, NY 10462, United States","R5M3+WW The Bronx, New York, United States",primestoragegroup.com
21,Treasure Island Storage,+1 347-647-2919,"2325 Hollers Ave, The Bronx, NY 10475, United States","V5PF+2J The Bronx, New York, United States",tistorage.com
22,Moishe's Self Storage,+1 718-993-5650,"840 E 134th St, The Bronx, NY 10454, United States","R32Q+6F The Bronx, New York, United States",moishesselfstorage.com
23,Moishe's Self Storage,+1 718-993-5650,"840 E 134th St, The Bronx, NY 10454, United States","R32Q+6F The Bronx, New York, United States",moishesselfstorage.com
24,CubeSmart Self Storage,+1 347-378-5770,"2880 Exterior St, The Bronx, NY 10463, United States","V3GV+7J The Bronx, New York, United States",cubesmart.com
25,CubeSmart Self Storage,+1 718-588-1100,"1376 Cromwell Ave, The Bronx, NY 10452, United States","R3RJ+35 The Bronx, New York, United States",cubesmart.com
26,Extra Space Storage,+1 718-402-4080,"330 Bruckner Blvd, The Bronx, NY 10454, United States","R34R+GW The Bronx, New York, United States",extraspace.com
27,CubeSmart Self Storage,+1 718-430-0001,"1980 White Plains Rd, The Bronx, NY 10462, United States","R4XJ+XX The Bronx, New York, United States",cubesmart.com
28,NYC Mini Storage Inc,+1 718-742-2222,"863 E 141st St, The Bronx, NY 10454, United States","R34V+48 The Bronx, New York, United States",nycministorage.com
29,CubeSmart Self Storage,+1 718-991-2999,"1810 Southern Blvd, The Bronx, NY 10460, United States","R4Q7+CC The Bronx, New York, United States",cubesmart.com
30,CubeSmart Self Storage,+1 718-862-4444,"1880 Bartow Ave, The Bronx, NY 10469, United States","V588+H4 The Bronx, New York, United States",cubesmart.com
31,Public Storage,+1 718-530-0302,"367 Southern Blvd, The Bronx, NY 10454, United States","R35R+5H The Bronx, New York, United States",publicstorage.com
32,Prime Storage,+1 718-736-2122,"1260 Zerega Ave, The Bronx, NY 10462, United States","R5M3+WW The Bronx, New York, United States",primestoragegroup.com
33,Extra Space Storage,+1 718-294-1111,"4268 3rd Ave, The Bronx, NY 10457, United States","R4X3+6W The Bronx, New York, United States",extraspace.com
34,Public Storage,+1 347-352-9538,"875 Brush Ave, The Bronx, NY 10465, United States","R5G5+8X The Bronx, New York, United States",publicstorage.com
35,Extra Space Storage,+1 718-561-8211,"245 W Fordham Rd, The Bronx, NY 10468, United States","V36Q+RJ The Bronx, New York, United States",extraspace.com
36,Extra Space Storage,+1 718-379-1606,"2875 Edson Ave, The Bronx, NY 10469, United States","V598+R7 The Bronx, New York, United States",extraspace.com
37,Extra Space Storage,+1 718-519-8282,"3240 Bronx Blvd, The Bronx, NY 10467, United States","V4FH+4X The Bronx, New York, United States",extraspace.com
38,Extra Space Storage,+1 718-537-5680,"1045 Webster Ave, The Bronx, NY 10456, United States","R3HQ+94 The Bronx, New York, United States",extraspace.com
39,Extra Space Storage,+1 718-829-2688,"945 Zerega Ave, The Bronx, NY 10473, United States","R5G4+X8 The Bronx, New York, United States",extraspace.com
40,Prime Storage,+1 718-736-2122,"1260 Zerega Ave, The Bronx, NY 10462, United States","R5M3+WW The Bronx, New York, United States",primestoragegroup.com
41,Treasure Island Storage,+1 347-647-2919,"2325 Hollers Ave, The Bronx, NY 10475, United States","V5PF+2J The Bronx, New York, United States",tistorage.com
42,Extra Space Storage,+1 718-220-3881,"2165 Jerome Ave, The Bronx, NY 10453, United States","V34V+FQ The Bronx, New York, United States",extraspace.com
43,Extra Space Storage,+1 347-493-0040,"3450 Baychester Ave, The Bronx, NY 10475, United States","V5J6+5V The Bronx, New York, United States",extraspace.com
44,Extra Space Storage,+1 347-514-9895,"3362 Park Ave, The Bronx, NY 10456, United States","R3HQ+8V The Bronx, New York, United States",extraspace.com
45,Life Storage,+1 347-919-5054,"1430 Bruckner Blvd, The Bronx, NY 10473, United States","R4F9+32 The Bronx, New York, United States",lifestorage.com
46,Life Storage,+1 347-919-5054,"1430 Bruckner Blvd, The Bronx, NY 10473, United States","R4F9+32 The Bronx, New York, United States",lifestorage.com
47,Self Storage + Logistics,Add phone number,"The Bronx, NY 10451, United States","R379+M3 New York, United States",Claim this business
48,Life Storage,+1 347-919-5058,"4139 Boston Rd, The Bronx, NY 10466, United States","V5PF+R6 The Bronx, New York, United States",lifestorage.com
49,Extra Space Storage,+1 718-402-0871,"359 Wales Ave, The Bronx, NY 10454, United States","R35R+27 The Bronx, New York, United States",extraspace.com
50,Extra Space Storage,+1 646-741-3836,"601 E 137th St, The Bronx, NY 10454, United States","R34M+89 The Bronx, New York, United States",extraspace.com
51,Extra Space Storage,+1 646-741-3836,"601 E 137th St, The Bronx, NY 10454, United States","R34M+89 The Bronx, New York, United States",extraspace.com
52,Public Storage,Add phone number,"E 149th St, The Bronx, NY 10455, United States","R35V+9V New York, United States",Claim this business
53,"GoodFriend Self Storage White Plains Road, Bronx/Mt Vernon",+1 914-703-4924,"316 W 1st St, Mt Vernon, NY 10550, United States","W542+QP Mt Vernon, Pelham, NY, United States",goodfriendstorage.com
54,Stop and Stor Co-op City / Eastchester,+1 718-898-8000,"2385 Hollers Ave, The Bronx, NY 10475, United States","V5PG+7C The Bronx, New York, United States",stopandstor.com
55,Treasure Island Storage,+1 347-647-2919,"2325 Hollers Ave, The Bronx, NY 10475, United States","V5PF+2J The Bronx, New York, United States",tistorage.com
56,Manhattan Mini Storage,+1 646-906-9416,"5030 Broadway, New York, NY 10034, United States","V39M+GH New York, United States",manhattanministorage.com
57,Manhattan Mini Storage,+1 646-956-3579,"290 Dyckman St, New York, NY 10034, United States","V38C+V3 New York, United States",manhattanministorage.com
58,Storage Post Self Storage,+1 914-290-6279,"858 Pelham Pkwy, Pelham, NY 10803, United States","V5RJ+XG Pelham, Village of Pelham, NY, United States",storagepost.com
59,Harlem Self-Storage,+1 212-283-5500,"2350 5th Ave, New York, NY 10037, United States","R387+VR New York, United States",harlemself-storage.com
60,Prime Storage,+1 718-736-2122,"1260 Zerega Ave, The Bronx, NY 10462, United States","R5M3+WW The Bronx, New York, United States",primestoragegroup.com
61,Treasure Island Storage,+1 347-647-2919,"2325 Hollers Ave, The Bronx, NY 10475, United States","V5PF+2J The Bronx, New York, United States",tistorage.com
62,Manhattan Mini Storage,+1 646-956-3785,"401 E 110th St, New York, NY 10029, United States","Q3V6+2W New York, United States",manhattanministorage.com
63,Sun Self Storage,+1 718-401-4773,"1162 Washington Ave, The Bronx, NY 10456, United States","R3JV+24 New York, United States",+1 718-401-4773
64,Sun Self Storage,+1 718-401-4773,"1162 Washington Ave, The Bronx, NY 10456, United States","R3JV+24 New York, United States",+1 718-401-4773
65,U-Haul Moving & Storage at Bronx Park,+1 718-515-6262,"2800 White Plains Rd, The Bronx, NY 10467, United States","V48M+J6 The Bronx, New York, United States",uhaul.com
66,U-Haul Moving & Storage at Bronx Park,+1 718-515-6262,"2800 White Plains Rd, The Bronx, NY 10467, United States","V48M+J6 The Bronx, New York, United States",uhaul.com
67,Sun Self Storage,Add phone number,"1332 Commerce Ave, The Bronx, NY 10461, United States","R5P5+GX New York, United States",Claim this business
68,U-Haul Moving & Storage at Grand Concourse,+1 718-402-4100,"383 Grand Concourse, The Bronx, NY 10451, United States","R38C+FF The Bronx, New York, United States",uhaul.com
69,U-Haul Moving & Storage at Grand Concourse,+1 718-402-4100,"383 Grand Concourse, The Bronx, NY 10451, United States","R38C+FF The Bronx, New York, United States",uhaul.com
70,Public Storage,+1 347-896-0273,"3350 Park Ave, The Bronx, NY 10456, United States","R3HQ+3Q The Bronx, New York, United States",publicstorage.com
71,Public Storage,+1 347-896-0273,"3350 Park Ave, The Bronx, NY 10456, United States","R3HQ+3Q The Bronx, New York, United States",publicstorage.com
72,Manhattan Mini Storage,+1 646-956-4965,"570-571 Riverside Dr, New York, NY 10031, United States","R2CR+6R New York, United States",manhattanministorage.com
73,"Key Moving & Storage, Inc",+1 718-292-9721,"327 Walnut Ave, The Bronx, NY 10454, United States","R33V+W9 The Bronx, New York, United States",keymoving.com
74,"Key Moving & Storage, Inc",+1 718-292-9721,"327 Walnut Ave, The Bronx, NY 10454, United States","R33V+W9 The Bronx, New York, United States",keymoving.com
75,U-Haul Moving & Storage of Port Morris,+1 718-993-0022,"780 E 138th St, The Bronx, NY 10454, United States","R33Q+HG The Bronx, New York, United States",uhaul.com
76,Storage Maxx USA,+1 718-402-3272,"3491 3rd Ave, The Bronx, NY 10456, United States","R3JV+7F The Bronx, New York, United States",storagemaxxus.com
77,Safeguard Self Storage,+1 914-885-9242,"85 Weyman Ave, New Rochelle, NY 10805, United States","V6X5+FC New Rochelle, New York, United States","V6X5+FC New Rochelle, New York, United States"
78,Extra Space Storage,+1 914-668-0300,"102 N MacQuesten Pkwy, Mt Vernon, NY 10550, United States","W583+32 Mt Vernon, Pelham, NY, United States",extraspace.com
79,Extra Space Storage,+1 914-668-0300,"102 N MacQuesten Pkwy, Mt Vernon, NY 10550, United States","W583+32 Mt Vernon, Pelham, NY, United States",extraspace.com
80,Prime Storage,+1 718-736-2122,"1260 Zerega Ave, The Bronx, NY 10462, United States","R5M3+WW The Bronx, New York, United States",primestoragegroup.com
81,Treasure Island Storage,+1 347-647-2919,"2325 Hollers Ave, The Bronx, NY 10475, United States","V5PF+2J The Bronx, New York, United States",tistorage.com
