,name,contact number,address1,address2,website
0,MTC Transportation - Bronx,+1 718-378-2090,"500 Oak Point Ave, The Bronx, NY 10474, United States","R444+W3 The Bronx, New York, United States",mtctransportation.com
1,B X Transport,+1 718-708-6893,"4373 De Reimer Ave, The Bronx, NY 10466, United States","V5X3+GW New York, United States",+1 718-708-6893
2,L & M Trucking Line,+1 718-993-1116,"505 E 165th St, The Bronx, NY 10456, United States","R3GR+RP New York, United States",+1 718-993-1116
3,Bulkmatic Transport Inc.,Add phone number,"576 Maran Pl, The Bronx, NY 10462, United States","V43M+F4 New York, United States",bulkmatic.com
4,S L Benfica Transportation,+1 718-589-5427,"344 Tiffany St, The Bronx, NY 10474, United States","R446+X9 New York, United States",safer.fmcsa.dot.gov
5,Intercontinental Truck,+1 718-378-2550,"Term Mkt, 464 Hunts Point Ave # D, The Bronx, NY 10474, United States","R46C+C2 New York, United States",+1 718-378-2550
6,Citi Trucking Services,+1 718-993-6526,"458 Concord Ave, The Bronx, NY 10455, United States","R36R+6G New York, United States",+1 718-993-6526
7,New York Logistics,+1 718-829-7846,"2856 E 195th St, The Bronx, NY 10461, United States","V538+6V New York, United States",+1 718-829-7846
8,Kreidemaker's Trucking,+1 718-597-0212,"2670 Schurz Ave, The Bronx, NY 10465, United States","R57G+3G New York, United States",+1 718-597-0212
9,Adrieen Trucking,+1 646-404-5518,"443 E 180th St, The Bronx, NY 10457, United States","V423+QC New York, United States",+1 646-404-5518
10,Turay's & Sons Trucking Corporation,+1 718-823-9306,"1550 St Peters Ave # 2, The Bronx, NY 10461, United States","R5R3+54 New York, United States",+1 718-823-9306
11,1637 Trucking Inc,+1 718-863-8881,"1633 Stillwell Ave, The Bronx, NY 10461, United States","V546+63 New York, United States",+1 718-863-8881
12,Dominique Transport Inc,+1 718-665-3908,"14 Bruckner Blvd, The Bronx, NY 10454, United States","R34C+W6 New York, United States",+1 718-665-3908
13,D B Trucking,+1 718-583-5818,"1664 Montgomery Ave, The Bronx, NY 10453, United States","R3XJ+P7 New York, United States",+1 718-583-5818
14,Cooseman Trucking Incoporated,+1 718-450-8190,"245 Hunts Point Ave, The Bronx, NY 10474, United States",+1 718-450-8190,Claim this business
15,Anisa Trucking,+1 718-292-7345,"562 Fox St, The Bronx, NY 10455, United States","R37W+7V New York, United States",+1 718-292-7345
16,Tjams Logistics,+1 718-893-3058,"138 Bronx Terminal Market # A, The Bronx, NY 10451, United States","R3G9+5C New York, United States",+1 718-893-3058
17,T Transport Corporation,+1 718-731-0159,"93 Featherbed Ln, The Bronx, NY 10452, United States","R3WJ+JQ New York, United States",+1 718-731-0159
18,Xpress Auto Transport - Bronx,+1 917-924-6158,,,
19,GBA Trucking,+1 718-861-0069,"1202 Spofford Ave, The Bronx, NY 10474, United States","R475+CP New York, United States",+1 718-861-0069
20,Pipe Dreams Trucking Inc,+1 718-828-1441,"1638 Yates Ave, The Bronx, NY 10461, United States","R5X2+CH New York, United States",+1 718-828-1441
21,Depino Transportation,+1 718-828-1088,"1614 McDonald St, The Bronx, NY 10461, United States","V535+VH New York, United States",+1 718-828-1088
22,Walters Trucking System,+1 718-329-1167,"2064 Ryer Ave, The Bronx, NY 10457, United States","V32X+VM New York, United States",+1 718-329-1167
23,4 B Express Corporation,+1 718-239-2415,"1064 White Plains Rd, The Bronx, NY 10472, United States","R4HQ+6W New York, United States",+1 718-239-2415
24,Fica Transportation,+1 718-589-2655,"344 Tiffany St, The Bronx, NY 10474, United States","R446+W8 New York, United States",+1 718-589-2655
25,New York City Car Transport,+1 929-445-0222,"3552 Boston Rd, The Bronx, NY 10469, United States","V5H4+47 The Bronx, New York, United States",newyorkcitycartransport.com
26,🏆 Freedom Heavy Haul,+1 917-809-4855,,,
27,"Dun-Rite Specialized Carriers, LLC.",+1 718-991-1100,,,
28,All Out Trucking LLC,+1 917-484-1950,"5480 Broadway, The Bronx, NY 10463, United States","V3GV+H9 New York, United States",allouttrucking.com
29,STM Trucking Inc,+1 718-328-1400,"168 Hunts Point Ave, The Bronx, NY 10474, United States","R46C+C2 New York, United States",+1 718-328-1400
30,JJ Freight Logistics LLc,+1 914-557-1819,"2500 Webb Ave, The Bronx, NY 10468, United States","V38W+9C The Bronx, New York, United States",+1 914-557-1819
31,J M Trucking Inc,+1 718-684-2660,"3302 Griswold Ave, The Bronx, NY 10465, United States","R5VM+VF New York, United States",+1 718-684-2660
32,KAS Trucking Services,+1 866-771-9266,,,
33,Madina Transport,+1 718-410-7194,"1184 Walton Ave # C1, The Bronx, NY 10452, United States","R3MJ+Q6 New York, United States",+1 718-410-7194
34,Dennis Taylor's Trucking,+1 718-994-8192,"4609 Furman Ave, The Bronx, NY 10470, United States","W42X+QP New York, United States",+1 718-994-8192
35,Rav Trucking,+1 718-653-9000,"2279 Hollers Ave, The Bronx, NY 10475, United States","V5MC+QP New York, United States",+1 718-653-9000
36,Battle Trucking,+1 718-583-4285,"766 E 179th St, The Bronx, NY 10460, United States","R4W6+5X New York, United States",+1 718-583-4285
37,National Transports,+1 646-712-6098,,,
38,J & J Transportation Ways LLC,+1 718-823-4194,"2190 Bolton St, The Bronx, NY 10462, United States","V44J+CJ New York, United States",+1 718-823-4194
39,Basis Aleksandr,+1 718-503-1258,"2120 Cruger Ave # 2J, The Bronx, NY 10462, United States","V43M+HC New York, United States",+1 718-503-1258
40,Premium Bronx,+1 718-328-8080,"1963 Southern Blvd, The Bronx, NY 10460, United States","R4V7+7M The Bronx, New York, United States",premiumbronx.com
41,Newhaven Distribution Services Inc,+1 718-292-9751,"999 E 149th St, The Bronx, NY 10455, United States","R452+G2 New York, United States",newhavendistribution.com
42,J A Trucking Corporation,+1 718-991-4286,"1613 E 172nd St, The Bronx, NY 10472, United States","R4JF+QR New York, United States",+1 718-991-4286
43,Fontanez Trucking Inc,+1 718-684-2347,"824 Quincy Ave, The Bronx, NY 10465, United States","R5GF+WC New York, United States",+1 718-684-2347
44,Aceste Transportation Inc,+1 718-401-3700,"581 Austin Pl, The Bronx, NY 10455, United States","R36X+H9 New York, United States",+1 718-401-3700
45,Bear Transportation,+1 718-618-0682,"953 Colgate Ave, The Bronx, NY 10473, United States","R4C9+XM The Bronx, New York, United States",+1 718-618-0682
46,Pig Tainer Corporation,+1 718-589-7060,"355 Food Center Dr, The Bronx, NY 10474, United States","R45G+XX New York, United States",+1 718-589-7060
47,El Conde Cargo Express,+1 718-585-4515,"636 Walton Ave, The Bronx, NY 10451, United States","R3CF+G3 New York, United States",+1 718-585-4515
48,East Coast Trucking,+1 718-991-0896,"2017 Gildersleeve Ave, The Bronx, NY 10473, United States","R46X+3V New York, United States",+1 718-991-0896
49,Super Soul Trucking Inc,+1 718-671-9814,"3249 Bruner Ave, The Bronx, NY 10469, United States","V5G5+9W New York, United States",+1 718-671-9814
50,SGV Transport Corporation,+1 718-378-5856,"449 Bolton Ave, The Bronx, NY 10473, United States","R47R+XV New York, United States",+1 718-378-5856
51,BarTrucking,+1 347-431-2060,"546 Barretto St, The Bronx, NY 10474, United States","R466+HJ New York, United States",+1 347-431-2060
52,Presto Motor Carrier Inc,+1 718-597-0362,"2345 Story Ave, The Bronx, NY 10473, United States","R5G4+G3 New York, United States",+1 718-597-0362
53,Three Brothers Express,+1 347-726-4539,"253 E Tremont Ave, The Bronx, NY 10457, United States","R3XW+HC New York, United States",+1 347-726-4539
54,Dad Trucking Inc,+1 718-893-3044,"855 Edgewater Rd, The Bronx, NY 10474, United States","R498+G9 New York, United States",+1 718-893-3044
55,Columbus,+1 914-948-9100,"49 Hugh J. Grant Cir, The Bronx, NY 10462, United States","R4MQ+CW New York, United States",+1 914-948-9100
56,L Reyes Trucking Inc,+1 347-591-0683,"1341 Garrison Ave, The Bronx, NY 10474, United States","R4C7+HF New York, United States",+1 347-591-0683
57,Wilfredo Delivery Services Inc,+1 718-886-4500,"1584 E 172nd St, The Bronx, NY 10472, United States","R4JF+G9 New York, United States",+1 718-886-4500
58,Abe's Truck Repair Shop Inc,+1 718-328-6726,"1326 Oak Point Ave, The Bronx, NY 10474, United States","R468+4C The Bronx, New York, United States",+1 718-328-6726
59,Saf Trucking Inc,+1 718-325-4481,"4715 Richardson Ave, The Bronx, NY 10470, United States","W43X+QF New York, United States",+1 718-325-4481
60,Apg Express,+1 718-589-7073,"430 Barretto St, The Bronx, NY 10474, United States","R456+MW New York, United States",+1 718-589-7073
61,RST Hilaire Distributors,+1 718-299-0009,"448 E 175th St, The Bronx, NY 10457, United States","R3VX+WW New York, United States",+1 718-299-0009
62,TSS Transport Inc,+1 718-239-4225,"2000 Story Ave, The Bronx, NY 10473, United States","R4FV+QV New York, United States",+1 718-239-4225
63,Tri-State Transporters,+1 718-292-0946,"1510 Castle Hill Ave, The Bronx, NY 10462, United States","R4PX+P5 New York, United States",+1 718-292-0946
64,Best of the Best,+1 718-378-1400,"1101 Forest Ave, The Bronx, NY 10456, United States","R3GW+PV New York, United States",+1 718-378-1400
65,AAA Always Available Auto Transportation,+1 503-893-3002,"1657 Hone Ave, The Bronx, NY 10461, United States","R4WW+QH The Bronx, New York, United States",+1 503-893-3002
66,Nationwide Car Shipping,+1 917-341-0648,,,
67,Marrins Moving Systems Ltd,+1 718-292-0702,"406 E 134th St, The Bronx, NY 10454, United States","R32P+RV New York, United States",+1 718-292-0702
68,KROSTL Truckers & Travelers Accessories Store: Kom Rain Or Shine Transportation and Logistics,+1 347-517-0276,,,
69,V & M Express Shipping,+1 718-893-8014,"1490 Crotona Park E, The Bronx, NY 10460, United States","R4P4+54 New York, United States",+1 718-893-8014
70,New York City Car Transport,+1 929-445-0222,"1455 121st St, Flushing, NY 11356, United States","Q5M3+QC New York, United States",newyorkcitycartransport.com
71,Diamond Auto Transport,+1 718-673-2696,"1539 Unionport Rd, The Bronx, NY 10462, United States","R4PV+M2 New York, United States",+1 718-673-2696
72,Discovery Transportation,+1 718-892-1212,"756 Morris Park Ave, The Bronx, NY 10462, United States","R4WP+5C New York, United States",+1 718-892-1212
73,STX,+1 347-590-6195,"2408 Hoffman St # A, The Bronx, NY 10458, United States","V446+FQ New York, United States",+1 347-590-6195
74,Diamond Auto Transport,+1 718-673-2696,"767 Morris Park Ave, The Bronx, NY 10462, United States","R4WP+9G New York, United States",+1 718-673-2696
75,American Truck,+1 718-931-8377,"1130 Zerega Ave, The Bronx, NY 10462, United States","R5J4+J6 New York, United States",callamericantruck.net
76,Luperon Transport Inc,+1 718-684-6220,"1749 Grand Concourse, The Bronx, NY 10453, United States","R3WQ+CM New York, United States",+1 718-684-6220
77,Runner Auto Transport,+1 718-571-8814,"617 Melrose Ave, The Bronx, NY 10455, United States","R39M+43 New York, United States",+1 718-571-8814
78,Garcia Transportation Corporation,+1 212-304-0505,"147 Post Ave, New York, NY 10034, United States","V37J+WC New York, United States",+1 212-304-0505
79,V G Francis Logistics Inc.,+1 718-669-1533,"800 E 180th St, The Bronx, NY 10460, United States","R4W7+GR The Bronx, New York, United States",+1 718-669-1533
80,Premium Bronx,+1 718-328-8080,"1963 Southern Blvd, The Bronx, NY 10460, United States","R4V7+7M The Bronx, New York, United States",premiumbronx.com
81,FedEx Ground,+1 800-463-3339,"635 Zerega Ave, The Bronx, NY 10473, United States","R5C4+57 The Bronx, New York, United States",local.fedex.com
82,BHS Truck LLC,+1 917-688-1218,"2322 Arthur Ave, The Bronx, NY 10458, United States","V436+GF New York, United States",+1 917-688-1218
83,Yellow Freight System Inc,+1 718-652-3200,"12 Dock St, Mt Vernon, NY 10550, United States","V5RF+J9 Mt Vernon, Pelham, NY, United States",yrc.com
84,La Centroamericana Inc,+1 718-588-2929,"10 W 169th St, The Bronx, NY 10452, United States","R3QH+4G New York, United States",+1 718-588-2929
85,In A Jiffy Deliver,+1 718-994-7062,"1320 Mace Ave, The Bronx, NY 10469, United States","V572+2M New York, United States",+1 718-994-7062
86,Rahman Transportation Corporation Inc,+1 347-862-1410,"912 Soundview Ave, The Bronx, NY 10473, United States","R4FJ+9R New York, United States",+1 347-862-1410
87,J & K Singh Trucking Corporation,+1 718-747-2679,"15704 Powells Cove Blvd, Flushing, NY 11357, United States","Q5VW+PF New York, United States",+1 718-747-2679
88,Modell's Distribution Center,+1 718-822-6834,"1500 Bassett Ave, The Bronx, NY 10461, United States","V525+MF New York, United States",+1 718-822-6834
89,New First Class Transportation Inc,+1 718-588-5999,"306 S Fulton Ave, The Bronx, NY 10452, United States","W54C+5V Mt Vernon, Pelham, NY, United States",+1 718-588-5999
90,E R Express Inc,+1 718-863-3275,"1888 Eastchester Rd, The Bronx, NY 10461, United States","V524+GF New York, United States",+1 718-863-3275
91,Fred's Auto Transport,+1 929-451-0541,"1400 Pelham Pkwy S, The Bronx, NY 10461, United States","V543+7G New York, United States",+1 929-451-0541
92,Panafri Inc,+1 718-825-8796,"903 Summit Ave # 4F, The Bronx, NY 10452, United States","R3J9+C8 New York, United States",+1 718-825-8796
93,Strategic Delivery Solutions,+1 914-576-4024,"919 West St, Pelham, NY 10803, United States","V5RJ+3P Pelham Manor, Pelham, NY, United States",+1 914-576-4024
94,Monico Liz,+1 718-583-3749,"1704 Dr Martin Luther King Jr Blvd, The Bronx, NY 10453, United States","R3XJ+7Q New York, United States",+1 718-583-3749
95,American United Auto Transport,+1 347-252-9569,"2164 Westchester Ave, The Bronx, NY 10462, United States","R4MX+J3 New York, United States",+1 347-252-9569
96,Mercury Auto Transport,+1 718-576-1074,"437 W 238th St, The Bronx, NY 10463, United States","V3PW+W6 New York, United States",+1 718-576-1074
97,Payless Auto Trasnport,+1 347-252-9383,"860 E Tremont Ave, The Bronx, NY 10460, United States","R4V7+69 New York, United States",+1 347-252-9383
98,American United Auto Transport,+1 347-252-9393,"1061 Home St, The Bronx, NY 10459, United States","R4H7+94 New York, United States",+1 347-252-9393
99,Michaels Auto Transport,+1 929-379-9834,"1135F Morris Park Ave, The Bronx, NY 10461, United States","V42X+48 New York, United States",+1 929-379-9834
