,name,contact number,address1,address2,website
0,RKB Trucking,+1 914-328-1200,"White Plains, NY 10601, United States","26JJ+J6 White Plains, New York, United States",rkbtrucking.com
1,KAS Trucking Services Inc,+1 866-771-9266,,,
2,New York Car Shipping,+1 914-202-4341,,,
3,🏆 Freedom Heavy Haul,+1 917-809-4855,,,
4,Elmsford Transport Inc,+1 914-592-2787,"21 Cabot Ave, Elmsford, NY 10523, United States","355Q+FM Elmsford, Greenburgh, NY, United States",+1 914-592-2787
5,Sea Transfer Corporation,+1 718-328-0600,"101 Nepperhan Ave, Elmsford, NY 10523, United States","356M+MF Elmsford, Greenburgh, NY, United States",seatransfer.com
6,Bright Trucking LLC.,+1 914-943-3019,"Wes/crew, 220 Ferris Ave suite 205A, White Plains, NY 10603, United States","26VG+75 White Plains, New York, United States",business.site
7,New York Logistics,+1 718-829-7846,"2856 E 195th St, The Bronx, NY 10461, United States","V538+6V New York, United States",+1 718-829-7846
8,Bobs Trucking Services,+1 914-476-7236,"29 Palamino Pl, Yonkers, NY 10701, United States",+1 914-476-7236,Claim this business
9,G & R Trucking & Materials,+1 914-345-0180,"41 N Lawn Ave, Elmsford, NY 10523, United States","354M+P5 Elmsford, Greenburgh, NY, United States",+1 914-345-0180
10,WJI Equities Corporation,+1 914-961-0010,"274 White Plains Rd, Eastchester, NY 10709, United States","W5XJ+9M Eastchester, NY, United States",+1 914-961-0010
11,"Buchanan, NY Flatbed Transportation Services GHI",+1 800-579-7718,"315 Broadway, Buchanan, NY 10511, United States","725W+WQ Buchanan, Cortlandt, NY, United States",+1 800-579-7718
12,XPO Logistics,+1 914-347-5010,"6 Warehouse Ln, Elmsford, NY 10523, United States","357J+6R Elmsford, Greenburgh, NY, United States",xpo.com
13,Chevez Trucking Inc,+1 914-423-4131,"76 Buena Vista Ave, Yonkers, NY 10701, United States","W3MW+3R Yonkers, New York, United States",safer.fmcsa.dot.gov
14,Imperial Carrier Services,+1 914-607-3562,"23 Old Mamaroneck Rd, White Plains, NY 10605, United States","26CQ+QP White Plains, New York, United States",+1 914-607-3562
15,DLG Jr Trucking,+1 914-234-7294,"Bedford, NY 10506, United States","6934+PF Bedford, NY, United States",+1 914-234-7294
16,New York City Car Transport,+1 929-445-0222,"3552 Boston Rd, The Bronx, NY 10469, United States","V5H4+47 The Bronx, New York, United States",newyorkcitycartransport.com
17,Arjr Trucking,+1 914-963-7826,"225 Railroad Ave, Bedford Hills, NY 10507, United States","68Q3+VR Bedford Hills, Bedford, NY, United States",+1 914-963-7826
18,Corrao Trucking,+1 845-268-2685,"84 Rte 9W, Congers, NY 10920, United States","532C+RW Congers, Clarkstown, NY, United States",+1 845-268-2685
19,Runway Transport Co,+1 914-969-8300,"215 Vernon Ave, Yonkers, NY 10704, United States","W4CW+4H Yonkers, New York, United States",+1 914-969-8300
20,B&C's White Bulls Logistics LLC.,+1 973-348-5070,"720 Dowd Ave, Elizabeth, NJ 07201, United States","MRC6+63 Elizabeth, New Jersey, United States",business.site
21,Zambetti's Low Carbohydrate Center,+1 845-634-2553,"192 S Main St, New City, NY 10956, United States","42Q6+XC New City, Clarkstown, NY, United States",zambettis.com
22,JPF Transport Inc,+1 914-277-4498,"15 Golf View Dr, Somers, NY 10589, United States","88V5+M9 Heritage Hills, Somers, NY, United States",+1 914-277-4498
23,3 Aces Trucking Corporation,+1 914-423-0949,"602 N Broadway, Yonkers, NY 10701, United States","X446+2F Yonkers, New York, United States",+1 914-423-0949
24,Durso Trucking Services Inc,+1 845-268-0715,"12 Rte 9W, Congers, NY 10920, United States","43XF+F6 Congers, Clarkstown, NY, United States",dursotrucking.com
25,Ridenhour Trucking Inc,+1 914-923-2330,"87 State St, Ossining, NY 10562, United States","543M+JW Ossining, NY, United States",+1 914-923-2330
26,J & M Trucking,+1 914-591-3229,"96 Hilltop Rd, Ardsley, NY 10502, United States","2587+4X Ardsley, Greenburgh, NY, United States",+1 914-591-3229
27,1637 Trucking Inc,+1 718-863-8881,"1633 Stillwell Ave, The Bronx, NY 10461, United States","V546+63 New York, United States",+1 718-863-8881
28,Gordo Trucking Corporation,+1 914-906-0133,"230 Drake Ave, New Rochelle, NY 10805, United States","V6W8+HC New Rochelle, New York, United States",safer.fmcsa.dot.gov
29,Joe Soares Trucking Inc,+1 914-961-4130,"27 Candlewood Dr, Yonkers, NY 10710, United States","X573+XH Yonkers, New York, United States",+1 914-961-4130
30,Yellow Freight System Inc,+1 718-652-3200,"12 Dock St, Mt Vernon, NY 10550, United States","V5RF+J9 Mt Vernon, Pelham, NY, United States",yrc.com
31,Galasso Trucking Inc,+1 914-834-4831,"8 Kilmer Rd, Larchmont, NY 10538, United States","W6GR+2M Larchmont, Mamaroneck, NY, United States",+1 914-834-4831
32,Avoid Alcohol & Accidents Inc,+1 914-397-2200,"7 Legion Dr, Valhalla, NY 10595, United States","36FF+GV Valhalla, Mt Pleasant, NY, United States",+1 914-397-2200
33,Port Jersey Shipping International,+1 718-858-2000,"22 Amos St, Sleepy Hollow, NY 10591, United States","34QW+JG Sleepy Hollow, Mt Pleasant, NY, United States",+1 718-858-2000
34,H & R Trucking,+1 914-457-8012,"151 Willow St, Yonkers, NY 10701, United States","W4J5+36 Yonkers, New York, United States",+1 914-457-8012
35,Dennis Taylor's Trucking,+1 914-375-2687,"127 Midland Terrace, Yonkers, NY 10704, United States","W49H+CF Yonkers, New York, United States",+1 914-375-2687
36,Sam's Trucking Co,+1 914-771-5889,"Yonkers, NY 10701, United States","W4R9+V6 Yonkers, New York, United States",+1 914-771-5889
37,Koski & Schmidt Inc,+1 914-963-9196,"4 Pine Hill Rd, Croton-On-Hudson, NY 10520, United States","63PM+JR Crugers, Cortlandt, NY, United States",+1 914-963-9196
38,All Out Trucking LLC,+1 917-484-1950,"5480 Broadway, The Bronx, NY 10463, United States","V3GV+H9 New York, United States",allouttrucking.com
39,Westwind Overseas Ltd,+1 914-478-1200,"36 Main St, Hastings-On-Hudson, NY 10706, United States","X4V9+HH Hastings-On-Hudson, Greenburgh, NY, United States",+1 914-478-1200
40,B&C's White Bulls Logistics LLC.,+1 973-348-5070,"720 Dowd Ave, Elizabeth, NJ 07201, United States","MRC6+63 Elizabeth, New Jersey, United States",business.site
41,Zambetti's Low Carbohydrate Center,+1 845-634-2553,"192 S Main St, New City, NY 10956, United States","42Q6+XC New City, Clarkstown, NY, United States",zambettis.com
42,Astra Transportation Co,+1 914-965-9006,"70 Palisade Ave, Yonkers, NY 10701, United States","W4M4+W5 Yonkers, New York, United States",+1 914-965-9006
43,128 North Route 9W Inc,+1 845-267-0128,"128 Rte 9W, Congers, NY 10920, United States","534C+HW Congers, Clarkstown, NY, United States",+1 845-267-0128
44,Rss Inc,+1 914-879-6663,"3 Veronica Pl, Katonah, NY 10536, United States","76PX+JX Katonah, Bedford, NY, United States",rssinc.com
45,Bazooka Carting Inc,+1 914-273-2988,"16 Annadale St, Armonk, NY 10504, United States","47HM+7W North Castle, New York, United States",+1 914-273-2988
46,Quality Transportation,+1 914-337-8758,"1587 Central Park Ave, Yonkers, NY 10710, United States","X534+89 Yonkers, New York, United States",qualitytca.com
47,SEB Trucking,+1 914-382-6604,"624 Simpson Pl, Peekskill, NY 10566, United States","73HC+R6 Peekskill, Cortlandt, NY, United States",sebtrucking.wixsite.com
48,Eastland Express Inc,+1 914-789-5050,"32 Hayes St # 1, Elmsford, NY 10523, United States","355J+JQ Elmsford, Greenburgh, NY, United States",+1 914-789-5050
49,Bethelite Ambulate Transport,+1 914-738-9167,"54 6th St, Pelham, NY 10803, United States","W59R+MQ Village of Pelham, Pelham, NY, United States",+1 914-738-9167
50,Gully Jet Transport,+1 718-405-0090,"24 Abner Pl, Yonkers, NY 10704, United States","W47R+F9 Yonkers, New York, United States",+1 718-405-0090
51,FedEx Ground,+1 800-463-3339,"109 Fairview Park Dr, Elmsford, NY 10523, United States","358H+XC Elmsford, Greenburgh, NY, United States",local.fedex.com
52,Transportation Inc,+1 914-664-3124,"299 E 3rd St, Mt Vernon, NY 10553, United States","W55G+Q6 Mt Vernon, Pelham, NY, United States",+1 914-664-3124
53,Elliot Garcia Nieves Trucking,+1 914-207-6383,"145 Saw Mill River Rd, Yonkers, NY 10701, United States","W4V9+7F Yonkers, New York, United States",+1 914-207-6383
54,Garufi Trucking Corporation,+1 914-241-1116,"357 Adams St, Bedford Hills, NY 10507, United States","68R6+GH Bedford Hills, Bedford, NY, United States",+1 914-241-1116
55,Prom Transport,+1 845-254-6696,"53 Field Terrace, Irvington, NY 10533, United States","24GP+H9 Irvington, Greenburgh, NY, United States",+1 845-254-6696
56,R C Equamerica Express Corporation,+1 914-941-2156,"8 Croton Ave, Ossining, NY 10562, United States","547Q+3F Ossining, NY, United States",+1 914-941-2156
57,M A Macri Trucking Co Inc,+1 914-763-3446,"11 Pamela Ln, South Salem, NY 10590, United States","7CG8+QX South Salem, Lewisboro, NY, United States",+1 914-763-3446
58,Pony Express Horse Transportation,+1 914-741-9102,"57 Wheeler Ave, Pleasantville, NY 10570, United States","46M5+PC Pleasantville, Mt Pleasant, NY, United States",+1 914-741-9102
59,Rozafa Transport Co,+1 914-207-0136,"15 Caryl Ave # 2K, Yonkers, NY 10705, United States","W463+PV Yonkers, New York, United States",+1 914-207-0136
60,Ecuamex Express,+1 914-930-8231,"100 N Division St, Peekskill, NY 10566, United States","73RJ+H5 Peekskill, Cortlandt, NY, United States",+1 914-930-8231
61,CTSV Construction Corp,+1 914-447-4758,,,
62,United car transport inc,+1 888-440-6716 ext. 101,"118 Oscawana Lake Rd, Putnam Valley, NY 10579, United States","84WG+H7 Putnam Valley, NY, United States",unitedcartransport.com
63,DISPATCH UNITED,+1 914-222-3422,,,
64,Galet News Services Co Inc,+1 914-835-5900,"12 Indian Trail, Harrison, NY 10528, United States","X7MH+84 Harrison, NY, United States",+1 914-835-5900
65,Strategic Delivery Solutions,+1 914-576-4024,"919 West St, Pelham, NY 10803, United States","V5RJ+3P Pelham Manor, Pelham, NY, United States",+1 914-576-4024
66,Mile Square Transportation Inc,+1 914-654-9246,"525 5th Ave, New Rochelle, NY 10801, United States","W6HJ+W3 New Rochelle, New York, United States",+1 914-654-9246
67,fruithandler movers,+1 800-966-4353,"303 E Main St, Mt Kisco, NY 10549, United States","57XF+VX Mt Kisco, NY, United States",mtkiscoexpress.net
68,Yes Corporation,+1 845-512-8124,"143 Main St, Nyack, NY 10960, United States","33RH+H7 Nyack, Orangetown, NY, United States",+1 845-512-8124
69,Mr G Inc,+1 914-923-4039,"22 Fuller Rd, Ossining, NY 10562, United States","543V+G5 Ossining, NY, United States",+1 914-923-4039
70,All Points Moving & Storage,+1 845-268-1030,"225 NY-303 #108, Congers, NY 10920, United States","5367+R3 Congers, Clarkstown, NY, United States",+1 845-268-1030
71,Oil Options Trading,+1 914-234-4280,"21 Hickory Kingdom Rd, Bedford, NY 10506, United States","585W+P7 North Castle, New York, United States",+1 914-234-4280
72,Palladino Rentals,+1 315-493-1281,"6 Terrace Heights, Katonah, NY 10536, United States","7837+65 Katonah, Bedford, NY, United States",+1 315-493-1281
73,Kevin's Auto Body & Heavy Truck Repair Inc,+1 914-788-3480,"1 Highland Indust Park Drive, Peekskill, NY 10566, United States","834H+42 Peekskill, Cortlandt, NY, United States",kevinstruckingny.com
74,Defender Auto Express,+1 914-693-5545,"145 Palisade St # 57, Dobbs Ferry, NY 10522, United States","248F+CQ Dobbs Ferry, Greenburgh, NY, United States",+1 914-693-5545
75,Parisi Freight Management,+1 845-268-5983,"23 Southward Ave, Congers, NY 10920, United States","5336+7W Congers, Clarkstown, NY, United States",+1 845-268-5983
76,Medical Support Transportation Inc,+1 914-968-2500,"191 S Broadway, Yonkers, NY 10701, United States","W4H3+3H Yonkers, New York, United States",+1 914-968-2500
77,Super Soul Trucking Inc,+1 718-671-9814,"3249 Bruner Ave, The Bronx, NY 10469, United States","V5G5+9W New York, United States",+1 718-671-9814
78,National Transports,+1 646-712-6098,,,
79,Payless Auto Trasnport,+1 914-266-6266,"16 Church St, White Plains, NY 10601, United States","26MM+89 White Plains, New York, United States",+1 914-266-6266
80,Turay's & Sons Trucking Corporation,+1 718-823-9306,"1550 St Peters Ave # 2, The Bronx, NY 10461, United States","R5R3+54 New York, United States",+1 718-823-9306
81,Jeff Benvenuto Truckin',+1 914-789-9120,,,
82,PCI Industries Corporation,+1 914-665-4700,"550 Franklin Ave, Mt Vernon, NY 10550, United States","V5XC+MW Mt Vernon, Pelham, NY, United States",+1 914-665-4700
83,Bulkmatic Transport Inc.,Add phone number,"576 Maran Pl, The Bronx, NY 10462, United States","V43M+F4 New York, United States",bulkmatic.com
84,Preiser Rigging & Crane Services,+1 914-949-5546,"White Plains, NY 10601, United States","26MP+3P White Plains, New York, United States",preiserrigging.com
85,Instant Auto Transport,+1 347-252-9385,"3625 Kingsbridge Ave, The Bronx, NY 10463, United States","V3MX+R5 New York, United States",+1 347-252-9385
86,Croton-on-Hudson Auto Transport,+1 914-266-6086,"94 N Riverside Ave, Croton-On-Hudson, NY 10520, United States","6463+3G Croton-On-Hudson, Cortlandt, NY, United States",+1 914-266-6086
87,Right Way Auto Transport,+1 914-266-6327,"829 Washington St, Peekskill, NY 10566, United States","73GC+7X Peekskill, Cortlandt, NY, United States",+1 914-266-6327
88,Fred's Auto Transport,+1 929-379-9827,"2458 Williamsbridge Rd, The Bronx, NY 10469, United States","V46R+WX New York, United States",+1 929-379-9827
89,Budget Auto Transport,+1 914-266-6323,"175 Main St, Mt Kisco, NY 10549, United States","673F+J6 Mt Kisco, NY, United States",+1 914-266-6323
90,Shrub Oak Auto Transport,+1 914-266-6137,"1417 E Main St, Shrub Oak, NY 10588, United States","85H4+9W Mohegan Lake, Yorktown, NY, United States",+1 914-266-6137
91,trusted transporting,+1 914-721-0226,"783 Central Park Ave, Scarsdale, NY 10583, United States","X5WJ+GM Greenville, Greenburgh, NY, United States",trustedtransporting.com
92,Ouch Industries Inc,Add phone number,"2028 Albany Post Rd, Croton-On-Hudson, NY 10520, United States","63JP+CV Croton-On-Hudson, Cortlandt, NY, United States",ouchind.com
93,"ISHTAR,LLC",Add phone number,"39 Hudson Terrace, Yonkers, NY 10701, United States","X424+2H Yonkers, New York, United States",
94,J M Trucking Inc,+1 718-684-2660,"3302 Griswold Ave, The Bronx, NY 10465, United States","R5VM+VF New York, United States",+1 718-684-2660
95,Freedom Auto Transport,+1 718-285-3329,,,
96,Nyconn Horse Transport,+1 203-762-0611,"183 Silver Spring Rd, Wilton, CT 06897, United States","6GM2+F6 Wilton, Connecticut, United States",+1 203-762-0611
97,Adrieen Trucking,+1 646-404-5518,"443 E 180th St, The Bronx, NY 10457, United States","V423+QC New York, United States",+1 646-404-5518
98,Capital Logistics,+1 866-264-5617,"12 Water St #403b, White Plains, NY 10601, United States","26MH+J2 White Plains, New York, United States",capitallogisticsllc.com
99,Nationwide Car Shipping,+1 917-341-0648,,,
