,name,contact number,address1,address2,website
0,"Paul’s Motors Sales & Service, Inc.",+1 973-427-5777,"990 Goffle Rd, Hawthorne, NJ 07506, United States","XR8V+M8 Hawthorne, New Jersey, United States",paulsmotors.com
1,Yonkers Auto Mall,+1 914-485-4333,"1716 Central Park Ave, Yonkers, NY 10710, United States","X545+XF Yonkers, New York, United States",automallyonkers.com
2,Westchester Used Vehicles,+1 855-212-5221,"130 Westchester Ave, White Plains, NY 10601, United States","26MR+5V White Plains, New York, United States",westchesterusedvehicles.com
3,Yonkers Auto Mall,+1 914-485-4333,"1716 Central Park Ave, Yonkers, NY 10710, United States","X545+XF Yonkers, New York, United States",automallyonkers.com
4,"Auto King Sales, Inc.",+1 914-403-7505,"140 Salem Rd, Pound Ridge, NY 10576, United States","6CHP+FQ Pound Ridge, NY, United States",autokingsales.com
5,"Westchester Auto Exchange, Inc.",+1 914-402-4959,"2311 Crompond Rd, Cortlandt, NY 10567, United States","74VQ+2C Cortlandt, NY, United States",waecars.com
6,Saw Mill Auto Sales,+1 914-968-0066,"12 Worth St, Yonkers, NY 10701, United States","W4XC+99 Yonkers, New York, United States",sawmillauto.com
7,White Plains Honda Used Cars,+1 914-948-3322,"316 Central Ave, White Plains, NY 10606, United States","26M8+R6 White Plains, New York, United States",whiteplainshonda.com
8,Westchester Ny Motors Corp,+1 914-207-1300,"666 Saw Mill River Rd, Yonkers, NY 10710, United States","X45H+7Q Yonkers, New York, United States",westchesternymotors.com
9,Westchester Automotive,+1 888-604-5441,"10 Robertson Ave, White Plains, NY 10606, United States","26PC+3G White Plains, New York, United States",westchesterautomotive.com
10,Danilo’s,+1 914-831-7555,"184 S Lexington Ave, White Plains, NY 10606, United States","26GH+89 White Plains, New York, United States",daniloautosales.com
11,Daniel Auto Sales,+1 914-557-0179,"1870 Central Park Ave, Yonkers, NY 10710, United States","X566+W5 Yonkers, New York, United States",danielautos.net
12,Westchester Automotive,+1 877-385-6656,"791 Central Park Ave, Scarsdale, NY 10583, United States","X5WJ+CG Scarsdale, NY, United States",westchesterautomotive.com
13,Highline Motors of Westchester Inc,+1 914-924-1018,"163 Croton Ave, Ossining, NY 10562, United States","548X+VV Ossining, NY, United States",highlinemotorsofwestchester.com
14,Antia Auto Sales,+1 718-861-6161,"974 Westchester Ave, The Bronx, NY 10459, United States","R4F3+2V New York, United States",+1 718-861-6161
15,central avenue auto group,+1 888-697-4038,"1839 Central Park Ave, Yonkers, NY 10710, United States","X565+PM Yonkers, New York, United States",centralavenueautogroup.com
16,Hillside Auto Mall,+1 877-693-4318,"15001 Hillside Avenue, Jamaica, NY 11432, United States","P54V+Q9 Jamaica, Queens, NY, United States",hillsideautony.com
17,Tri Sate Used Car Sales,+1 914-582-0672,"24 Tomahawk St, Baldwin Place, NY 10505, United States","86WV+5M Baldwin Place, Carmel, NY, United States",tristateusedcarsales.com
18,Tri Sate Used Car Sales,+1 914-582-0672,"24 Tomahawk St, Baldwin Place, NY 10505, United States","86WV+5M Baldwin Place, Carmel, NY, United States",tristateusedcarsales.com
19,Beattle Used Car Sales Corporation,+1 212-942-5870,"401 W 218th St, New York, NY 10034, United States","V3CQ+G7 New York, United States",+1 212-942-5870
20,Westchester Mobility,+1 914-740-8700,"791 Central Park Ave, Scarsdale, NY 10583, United States","X5WJ+CH Scarsdale, NY, United States",westchestermobility.com
21,Acura For Sale,+1 888-966-6497,"15001 Hillside Avenue, Jamaica, NY 11432, United States","P54V+Q9 Jamaica, Queens, NY, United States",hillsideautony.com
22,White River Auto Sales,+1 914-813-1431,"220 Webster Ave, New Rochelle, NY 10801, United States","W665+92 New Rochelle, New York, United States",whiteriverauto.com
23,Sato Auto Used Car Sales,+1 914-592-2277,"153 N Saw Mill River Rd, Elmsford, NY 10523, United States","355M+VH Elmsford, Greenburgh, NY, United States",satoautorepair.com
24,Sato Auto Used Car Sales,+1 914-592-2277,"153 N Saw Mill River Rd, Elmsford, NY 10523, United States","355M+VH Elmsford, Greenburgh, NY, United States",satoautorepair.com
25,Hudson Auto Traders Inc,+1 845-621-0895,"270 US-6, Mahopac, NY 10541, United States","9732+4G Mahopac, Carmel, NY, United States",gogetcar.com
26,Nyc Used Car Sales,+1 718-974-1346,"1597 Dutch Broadway, Valley Stream, NY 11580, United States","M7PX+J4 North Valley Stream, Hempstead, NY, United States",nycusedcarsales.com
27,De Leon Mich Auto Sales,+1 914-375-0187,"744 Saw Mill River Rd, Yonkers, NY 10710, United States","X46H+8X Yonkers, New York, United States",deleonmichauto.com
28,Champion Auto Sales,+1 718-451-0474,"1942 Utica Ave, Brooklyn, NY 11210, United States","J3FC+PX New York, United States",championautony.com
29,New York Motors,+1 646-470-2886,"2803 Boston Rd, The Bronx, NY 10469, United States","V48Q+RM New York, United States",newyorkmotorsonline.com
30,Westchester Toyota,+1 914-775-7975,"2167 Central Park Ave, Yonkers, NY 10710, United States","X5F7+3Q Yonkers, New York, United States",westchestertoyota.com
31,"U.S.1 Auto Sales, Inc.",+1 914-636-4439,"109 E Main St, New Rochelle, NY 10801, United States","W69J+6M New Rochelle, New York, United States",us1autony.com
32,T N T Auto Sales,+1 718-324-9902,"3766 Boston Rd, The Bronx, NY 10469, United States","V5J6+88 The Bronx, New York, United States",tntgotcars.com
33,GCO Auto Sales Inc.,+1 914-961-5100,"333 Tuckahoe Rd, Yonkers, NY 10710, United States","X43V+7G Yonkers, New York, United States",+1 914-961-5100
34,Palisades Auto Sales,+1 845-358-2277,"28 NY-59, Nyack, NY 10960, United States","33V8+HM Nyack, Orangetown, NY, United States",palisadesautosales.com
35,AUTO CITY DEPOT,+1 888-397-2912,"43 Lake St, White Plains, NY 10603, United States","26QR+85 White Plains, New York, United States",autocitydepot.com
36,Enterprise Car Sales,+1 914-833-5819,"2020 Boston Post Rd, Larchmont, NY 10538, United States","W7J2+M3 Larchmont, Mamaroneck, NY, United States",enterprisecarsales.com
37,Pepmore Auto Sales Inc,+1 718-565-8686,"70-11 Queens Blvd, Woodside, NY 11377, United States","P4R4+3H Woodside, Queens, NY, United States",pepmore.com
38,Atlantic Used Car Sales,+1 718-922-2020,"2675 Fulton St, Brooklyn, NY 11207, United States","M4H3+3H Brooklyn, New York, United States",atlanticusedcarsales.com
39,Hamilton Avenue Auto Sales,+1 718-788-5900,"39 16th St, Brooklyn, NY 11215, United States","M293+4V Brooklyn, New York, United States",hamiltonavenueautosales.com
40,Acura For Sale,+1 888-966-6497,"15001 Hillside Avenue, Jamaica, NY 11432, United States","P54V+Q9 Jamaica, Queens, NY, United States",hillsideautony.com
41,Major World,+1 866-614-2884,"43-40 Northern Blvd, Long Island City, NY 11101, United States","Q33J+6M New York, United States",majorworld.com
42,Caribbean Auto Sales Inc,+1 718-424-6585,"7619 Queens Blvd, Elmhurst, NY 11373, United States","P4Q7+H2 Elmhurst, Queens, NY, United States",caribbautos.com
43,Carsbuck inc,+1 718-484-8025,"776 Coney Island Ave, Brooklyn, NY 11218, United States","J2QJ+9F Brooklyn, New York, United States",carsbuckny.com
44,Brooklyn Auto Sales,+1 718-825-4678,"161 Marion St, Staten Island, NY 10310, United States","JVHC+QR Staten Island, New York, United States",brooklynautoonline.com
45,Brooklyn Auto Sales,+1 718-825-4678,"161 Marion St, Staten Island, NY 10310, United States","JVHC+QR Staten Island, New York, United States",brooklynautoonline.com
46,Mr Panch Auto Sales,+1 347-247-7089,"774 Richmond Terrace, Staten Island, NY 10301, United States","JWV2+RQ Staten Island, New York, United States",mrpanchauto.com
47,Car Factory Inc,+1 718-655-6610,"3245 Yates Ave, The Bronx, NY 10469, United States","V4FW+32 New York, United States",+1 718-655-6610
48,B & L Auto Sales,+1 718-652-2277,"3066-68 Boston Rd, The Bronx, NY 10469, United States","V4CV+6G The Bronx, New York, United States",bandlauto.com
49,Mr Cars Auto Sales,+1 718-779-8888,"7433 Queens Blvd, Queens, NY 11373, United States","P4Q6+MM Queens, New York, United States",mrcarauto.com
50,Chase Auto Group Inc.,+1 347-346-7240,"1733 E Gun Hill Rd, The Bronx, NY 10469, United States","V587+3P The Bronx, New York, United States",chaseautogroup.net
51,Cedano Auto Mall,+1 718-618-0360,"4524 Park Ave, The Bronx, NY 10457, United States","V444+55 The Bronx, New York, United States",cedanoautomall.com
52,Salvage Car New York,+1 855-881-5865,"881 5th Ave, New York, NY 10065, United States","Q2CJ+9R New York, United States",salvagecarnewyork.com
53,Luxury Auto Group NY,+1 929-263-1065,"405 E 175th St, The Bronx, NY 10457, United States","R3WX+79 The Bronx, New York, United States",luxuryautogroupny.com
54,Mt Kisco Cadillac New and Used Car Sales,+1 914-228-1639,"175 N Bedford Rd suite b, Mt Kisco, NY 10549, United States","677H+MG Mt Kisco, NY, United States","677H+MG Mt Kisco, NY, United States"
55,Cars For Sale,+1 888-966-6497,"15005 Hillside Avenue, Jamaica, NY 11432, United States","P54V+QF Jamaica, Queens, NY, United States",hillsideautony.com
56,Buy Here Pay Here,+1 646-307-1647,,,
57,Frank Siena's Auto Sales Inc.,+1 845-374-0085,"4922 NY-17M, New Hampton, NY 10958, United States","CH5Q+9V New Hampton, Wawayanda, NY, United States",franksienaautosales.com
58,Nick's Auto Sales Co,+1 201-868-6656,"6700 John F. Kennedy Blvd W, West New York, NJ 07093, United States","QXWM+7J West New York, New Jersey, United States",nicksautos.com
59,Colucci Auto Group,+1 203-832-7945,,,
60,Acura For Sale,+1 888-966-6497,"15001 Hillside Avenue, Jamaica, NY 11432, United States","P54V+Q9 Jamaica, Queens, NY, United States",hillsideautony.com
61,Square One Auto,+1 732-943-2444,"965 St Georges Ave, Rahway, NJ 07065, United States","JP46+CQ Rahway, New Jersey, United States",sq1auto.com
62,Hillside Honda Used Cars,+1 718-291-5300,"144-19 Hillside Avenue, Jamaica, NY 11435, United States","P54Q+6J Jamaica, Queens, NY, United States",hillsidehondausedcars.com
63,Showroom Auto,+1 718-349-9600,"42-08 35th Ave, Queens, NY 11101, United States","Q33H+JR Long Island City, Queens, NY, United States",licshowroom.com
64,HI Class Auto Sales,+1 718-265-0034,"691 Richmond Rd, Staten Island, NY 10304, United States","JW56+X3 Staten Island, New York, United States",hiclassautosales.net
65,Showroom Auto,+1 718-349-9600,"42-08 35th Ave, Queens, NY 11101, United States","Q33H+JR Long Island City, Queens, NY, United States",licshowroom.com
66,D & A Guaranteed Auto Sales,+1 347-915-1040,"2417 Linden Blvd, Brooklyn, NY 11208, United States","M48G+82 Brooklyn, New York, United States",dandaguaranteedautosales.com
67,Cars Trader NY,+1 718-872-5420,"2342 Coney Island Ave, Brooklyn, NY 11223, United States","H2XQ+WC Brooklyn, New York, United States",carstraderny.com
68,Cars Trader NY,+1 718-872-5420,"2342 Coney Island Ave, Brooklyn, NY 11223, United States","H2XQ+WC Brooklyn, New York, United States",carstraderny.com
69,NYC AUTOMART INC,+1 718-484-7540,"120-41 Flatlands Ave, Brooklyn, NY 11207, United States","M426+P8 Brooklyn, New York, United States",nycautomart.com
70,"Queens Auto Mall, Inc.",+1 718-313-0885,"134-01 Atlantic Ave, Richmond Hill, NY 11418, United States","M5WM+VX New York, United States",queensauction.com
71,"Queens Auto Mall, Inc.",+1 718-313-0885,"134-01 Atlantic Ave, Richmond Hill, NY 11418, United States","M5WM+VX New York, United States",queensauction.com
72,New York Auto Depot Inc.,+1 631-880-2070,"15 Windsor Ct, Mineola, NY 11501, United States","Q936+2V Mineola, North Hempstead, NY, United States",nyautodepot.com
73,26 Motors Corp,+1 718-231-2626,"3981 Boston Rd, The Bronx, NY 10466, United States","V5M8+VQ The Bronx, New York, United States",26motors.com
74,Prince Auto NYC,+1 718-657-5757,"165-25 Hillside Avenue, Jamaica, NY 11432, United States","P653+R5 Jamaica, Queens, NY, United States",princeautonyc.com
75,Auto Expo,+1 516-466-2277,"46 Northern Blvd, Great Neck, NY 11021, United States","Q7F8+8V Great Neck, North Hempstead, NY, United States",autoexpo4.com
76,Auto Expo,+1 516-466-2277,"46 Northern Blvd, Great Neck, NY 11021, United States","Q7F8+8V Great Neck, North Hempstead, NY, United States",autoexpo4.com
77,Yonkers Autoland,+1 914-966-0068,"288 McLean Ave, Yonkers, NY 10705, United States","W466+86 Yonkers, New York, United States",yonkersautoland.com
78,Cayman Auto Sales LLC,+1 201-293-2699,"5916 John F. Kennedy Blvd, West New York, NJ 07093, United States","QXRH+G6 West New York, New Jersey, United States",caymanautosales.com
79,T&N Used Cars,+1 718-606-6592,"3701 Crescent St, Long Island City, NY 11101, United States","Q348+M5 New York, United States",+1 718-606-6592
80,Westchester Mobility,+1 914-740-8700,"791 Central Park Ave, Scarsdale, NY 10583, United States","X5WJ+CH Scarsdale, NY, United States",westchestermobility.com
81,NORTHSHORE,+1 516-226-1400,"180 Michael Dr, Syosset, NY 11791, United States","RF3M+M9 Syosset, Oyster Bay, NY, United States",+1 516-226-1400
82,Curmsons Auto Sales Inc,+1 718-779-0623,"7307 Queens Blvd, Woodside, NY 11377, United States","P4Q5+RX Woodside, Queens, NY, United States",curmsonsauto.com
83,Hillside Auto Outlet,+1 718-301-6858,"161-10 Hillside Avenue, Jamaica, NY 11432, United States","P55X+5R Jamaica, Queens, NY, United States",hillsideautooutlet.com
84,New York Auto Sales,Add phone number,"730 65th St, Brooklyn, NY 11220, United States","JXMP+89 New York, United States",autoshowny.com
85,Rockland Auto Mall,+1 845-538-4229,"412 NY-59, West Nyack, NY 10994, United States","32VX+P2 West Nyack, Clarkstown, NY, United States",rocklandautomall.com
86,Toyota specials and deals on reliable cars and trucks with Georgie Brunner,+1 914-980-4004,"325 N Bedford Rd, Mt Kisco, NY 10549, United States","679J+JQ Mt Kisco, NY, United States",facebook.com
87,Acura of Westchester,+1 914-834-2222,"2155 Palmer Ave, Larchmont, NY 10538, United States","W6HM+4H Larchmont, Mamaroneck, NY, United States",acuraofwestchester.com
88,US Auto Network Inc,+1 718-448-1818,"190 Rhine Ave, Staten Island, NY 10304, United States","JW56+Q8 Staten Island, New York, United States",cheapusedcars4sale.com
89,RT118 Motor Cars,+1 845-208-7040,"20 NY-118, Baldwin Place, NY 10505, United States","86WV+3M Baldwin Place, Carmel, NY, United States",+1 845-208-7040
90,Ideal Auto Exchange,+1 718-658-5132,"138-10 Hillside Avenue, Jamaica, NY 11435, United States","P53M+GM Jamaica, Queens, NY, United States",idealautos.com
91,Great Neck Auto Sales,+1 516-441-5420,"105 Northern Blvd, Great Neck, NY 11021, United States","Q7F9+X7 Great Neck, North Hempstead, NY, United States",greatneckcarbuyers.com
92,Great Neck Auto Sales,+1 516-441-5420,"105 Northern Blvd, Great Neck, NY 11021, United States","Q7F9+X7 Great Neck, North Hempstead, NY, United States",greatneckcarbuyers.com
93,Raymonds Cars inc,+1 718-393-1990,"9323 Corona Ave, Elmhurst, NY 11373, United States","P4VH+3P Elmhurst, Queens, NY, United States",raymondscars.com
94,Mr Cars Auto Sale Inc,+1 718-225-1400,"233-20 Northern Blvd, Little Neck, NY 11363, United States","Q773+J4 New York, United States",mrcarauto.com
95,Major World,+1 866-614-2884,"43-40 Northern Blvd, Long Island City, NY 11101, United States","Q33J+6M New York, United States",majorworld.com
96,Champion Auto Sales 2,+1 973-250-6049,"562 Broadway, Newark, NJ 07104, United States","QR9P+VM Newark, New Jersey, United States",championcars2.com
97,Bianco Auto Sales Ltd,+1 203-569-3535,"2 Smith St, Stamford, CT 06902, United States","3F23+X9 Stamford, Connecticut, United States",biancoautosales.com
98,Rockland Motors,+1 845-535-3081,"85 85 N Rte 303 N, West Nyack, NY 10994, United States","32VX+WM West Nyack, Clarkstown, NY, United States",rocklandmotors.com
99,SuperCarMotors.com,+1 718-220-3083,"5089 Broadway, New York, NY 10034, United States","V3CM+CX New York, United States",supercarmotors.com
