,name,contact number,address1,address2,website
0,Chase Auto Group Inc.,+1 347-346-7240,"1733 E Gun Hill Rd, The Bronx, NY 10469, United States","V587+3P The Bronx, New York, United States",chaseautogroup.net
1,Victory Mitsubishi Service,+1 718-515-6570,"3530 Noell Ave, The Bronx, NY 10475, United States","V5PF+9C The Bronx, New York, United States",victorymitsubishi.com
2,B & L Auto Sales,+1 718-652-2277,"3066-68 Boston Rd, The Bronx, NY 10469, United States","V4CV+6G The Bronx, New York, United States",bandlauto.com
3,T N T Auto Sales,+1 718-324-9902,"3766 Boston Rd, The Bronx, NY 10469, United States","V5J6+88 The Bronx, New York, United States",tntgotcars.com
4,Trinity Auto Bronx Car Sales,+1 718-676-7110,"3610 Dyre Ave, The Bronx, NY 10466, United States","V5P9+3H The Bronx, New York, United States",bronxcarsales.com
5,Car Factory Inc,+1 718-655-6610,"3245 Yates Ave, The Bronx, NY 10469, United States","V4FW+32 New York, United States",+1 718-655-6610
6,Champion Auto Sales Of The Bronx,+1 718-515-5111,"2310 Tillotson Ave, The Bronx, NY 10475, United States","V5MF+3R The Bronx, New York, United States",championbx.com
7,New York Motors,+1 646-470-2886,"2803 Boston Rd, The Bronx, NY 10469, United States","V48Q+RM New York, United States",newyorkmotorsonline.com
8,Gallery Auto Sales,+1 718-933-3133,,,
9,Eastchester Motor Cars,+1 718-654-3040,"4059 Boston Rd, The Bronx, NY 10466, United States","V5P9+4X The Bronx, New York, United States",eastmotorcars.com
10,second hand used cars inc,+1 718-822-0384,"860 Castle Hill Ave, The Bronx, NY 10473, United States","R5G2+2C The Bronx, New York, United States",secondhandusedcarsinc.com
11,NYC Motorcars of The Bronx,+1 718-881-9300,"3748 Boston Rd, The Bronx, NY 10469, United States","V5J6+63 The Bronx, New York, United States",nycmotorcars.com
12,26 Motors Corp,+1 718-231-2626,"3981 Boston Rd, The Bronx, NY 10466, United States","V5M8+VQ The Bronx, New York, United States",26motors.com
13,Cedano Auto Mall,+1 718-618-0360,"4524 Park Ave, The Bronx, NY 10457, United States","V444+55 The Bronx, New York, United States",cedanoautomall.com
14,Luxury Auto Group NY,+1 929-263-1065,"405 E 175th St, The Bronx, NY 10457, United States","R3WX+79 The Bronx, New York, United States",luxuryautogroupny.com
15,Todos Autos Sales,+1 917-593-7678,"1501 Bruckner Blvd, The Bronx, NY 10472, United States","R4FC+JG The Bronx, New York, United States",todosautosny.com
16,Santiago Auto Mall,+1 718-992-9316,"350 E 170th St, The Bronx, NY 10456, United States","R3PR+PF The Bronx, New York, United States",santiagoautomall.com
17,Pelham Used Car Inc,+1 718-824-8683,"140 Pennyfield Ave, The Bronx, NY 10465, United States","R56V+QV New York, United States",pelhamusedcar.com
18,bridge motors corp - used cars - bronx ny dealer,+1 646-739-8474,"5229 Broadway, The Bronx, NY 10463, United States","V3GR+47 New York, United States",bridgemotorsny.com
19,L & P Auto Sales & Collision,+1 718-993-1116,"505 E 165th St, The Bronx, NY 10456, United States","R3GR+VP New York, United States",+1 718-993-1116
20,Premium Bronx,+1 718-328-8080,"1963 Southern Blvd, The Bronx, NY 10460, United States","R4V7+7M The Bronx, New York, United States",premiumbronx.com
21,Premium Bronx,+1 718-328-8080,"1963 Southern Blvd, The Bronx, NY 10460, United States","R4V7+7M The Bronx, New York, United States",premiumbronx.com
22,Beattle Used Car Sales Corporation,+1 212-942-5870,"401 W 218th St, New York, NY 10034, United States","V3CQ+G7 New York, United States",+1 212-942-5870
23,Buy Here Pay Here,+1 646-307-1647,,,
24,Mount Eden Motors Inc.,+1 718-716-2221,"28 W Mount Eden Ave, The Bronx, NY 10452, United States","R3VM+RP The Bronx, New York, United States",mountedenmotors.net
25,Nensona Auto Sales & Shipping,Add phone number,"The Bronx, NY 10456, United States","R3GR+JX New York, United States",Claim this business
26,Sally Auto Sale,Add phone number,"4329 3rd Ave, The Bronx, NY 10457, United States","R4X4+X3 New York, United States",sallyautosales.com
27,Car Factory Inc,+1 718-655-6610,"3245 Yates Ave, The Bronx, NY 10469, United States","V4FW+32 New York, United States",+1 718-655-6610
28,3 Star Trade Inc,+1 347-281-8893,"1310 Beach Ave, The Bronx, NY 10472, United States","R4JM+XG New York, United States",5startradelink.com
29,S3 Dream Cars,+1 718-547-4642,"953 Colgate Ave, The Bronx, NY 10473, United States","R4C9+WQ The Bronx, New York, United States",+1 718-547-4642
30,Twin Automobile Sales,+1 718-893-9681,"1488 Bruckner Blvd, The Bronx, NY 10473, United States","R4FC+69 New York, United States",+1 718-893-9681
31,HB Motors Inc,+1 718-798-8800,"3530 Webster Ave, The Bronx, NY 10467, United States","V4MJ+VH The Bronx, New York, United States",+1 718-798-8800
32,LaSorsa Chevrolet Buick,+1 347-614-1457,"Corner of, 3510 Webster Ave, W Gun Hill Rd, The Bronx, NY 10467, United States","V4HH+MH The Bronx, New York, United States",lasorsachevroletbuick.com
33,Buy Right Auto Center,+1 914-987-5411,"1104 E 180th St, The Bronx, NY 10460, United States","R4RF+QM The Bronx, New York, United States",buyrightautocenter.com
34,First Class Auto,+1 347-862-6102,"392 E 197th St, The Bronx, NY 10458, United States","V487+53 New York, United States",+1 347-862-6102
35,K F Automobile,+1 347-597-6310,"3380 3rd Ave, The Bronx, NY 10456, United States","R3HV+25 New York, United States",+1 347-597-6310
36,Barbaro Auto Repairs,+1 718-328-0714,"1456 Bruckner Blvd, The Bronx, NY 10473, United States","R4F9+6H New York, United States",+1 718-328-0714
37,SuperCarMotors.com,+1 718-220-3083,"5089 Broadway, New York, NY 10034, United States","V3CM+CX New York, United States",supercarmotors.com
38,J Rogo Auto Sales,+1 646-671-4614,"3305 Boston Rd, The Bronx, NY 10469, United States","V4FW+GJ The Bronx, New York, United States",cityworldford.net
39,Fordham Toyota,+1 888-426-7198,"236 W Fordham Rd, The Bronx, NY 10468, United States","V36Q+PR The Bronx, New York, United States",fordhamtoyota.com
40,Walmart Supercenter,+1 201-758-2810,"2100 88th St, North Bergen, NJ 07047, United States","RX7P+JH North Bergen, New Jersey, United States",walmart.com
41,Tread Bike Shop,+1 212-544-7055,"250 Dyckman St, New York, NY 10034, United States","V38C+GH New York, United States","V38C+GH New York, United States"
42,WFA Group Auto Sales,+1 877-511-5005,"5122 John F. Kennedy Blvd, West New York, NJ 07093, United States","QXMH+X2 West New York, New Jersey, United States",wfaauto.com
43,Fernandez's Place,+1 718-542-8446,"935 Bruckner Blvd, The Bronx, NY 10459, United States","R494+GX New York, United States",+1 718-542-8446
44,T N T Auto Sales,+1 718-324-9902,"3766 Boston Rd, The Bronx, NY 10469, United States","V5J6+88 The Bronx, New York, United States",tntgotcars.com
45,Busyworld.com,+1 646-683-7349,"1400 Prospect Ave #2, The Bronx, NY 10459, United States","R4J3+R8 The Bronx, New York, United States",+1 646-683-7349
46,Good Cars Sales,+1 718-994-4801,"2940 Boston Rd, The Bronx, NY 10469, United States","V49R+9Q The Bronx, New York, United States",+1 718-994-4801
47,Cayman Auto Sales LLC,+1 201-293-2699,"5916 John F. Kennedy Blvd, West New York, NJ 07093, United States","QXRH+G6 West New York, New Jersey, United States",caymanautosales.com
48,1ST CLASS REPAIRS INC.,+1 347-862-6102,"440 Wales Ave, The Bronx, NY 10455, United States","R35R+WQ The Bronx, New York, United States",+1 347-862-6102
49,Tower West Livery Center,+1 718-293-6900,"1415 Cromwell Ave #3212, The Bronx, NY 10452, United States","R3RJ+H4 The Bronx, New York, United States","R3RJ+H4 The Bronx, New York, United States"
50,Car Cash west side Manhattan,+1 212-337-1111,,,
51,Trinity Auto Bronx Car Sales,+1 718-676-7110,"3610 Dyre Ave, The Bronx, NY 10466, United States","V5P9+3H The Bronx, New York, United States",bronxcarsales.com
52,EZ-Riders Inc.,+1 929-276-2277,"1456 Bruckner Blvd, The Bronx, NY 10473, United States","R4F9+6H The Bronx, New York, United States",ezriders.net
53,Ramon & Nunez Auto Electric,+1 718-294-5551,"1749 Jerome Ave, The Bronx, NY 10453, United States","R3XQ+52 The Bronx, New York, United States",+1 718-294-5551
54,Boston Road Auto Mall,+1 718-708-5868,"3040 Lurting Ave, The Bronx, NY 10469, United States","V4CV+85 The Bronx, New York, United States",bostonroadautomall.net
55,second hand used cars inc,+1 718-822-0384,"860 Castle Hill Ave, The Bronx, NY 10473, United States","R5G2+2C The Bronx, New York, United States",secondhandusedcarsinc.com
56,NYC Motorcars of The Bronx,+1 718-881-9300,"3748 Boston Rd, The Bronx, NY 10469, United States","V5J6+63 The Bronx, New York, United States",nycmotorcars.com
57,Mobile Car Buyer,+1 866-266-7700,"2040 Frederick Douglass Blvd, New York, NY 10026, United States","R22R+9W New York, United States",mobilecarbuyer.com
58,Duran Auto Inc.,+1 718-863-5637,"1280 E Tremont Ave, The Bronx, NY 10460, United States","R4QH+QH The Bronx, New York, United States",duranauto.com
59,Sam Used Auto Parts,+1 718-860-9960,"338 Bryant Ave, The Bronx, NY 10474, United States","R458+GG The Bronx, New York, United States",+1 718-860-9960
60,Walmart Supercenter,+1 201-758-2810,"2100 88th St, North Bergen, NJ 07047, United States","RX7P+JH North Bergen, New Jersey, United States",walmart.com
61,Premium Bronx,+1 718-328-8080,"1963 Southern Blvd, The Bronx, NY 10460, United States","R4V7+7M The Bronx, New York, United States",premiumbronx.com
62,Auto Sales Authority,+1 347-963-4757,"680 E Fordham Rd, The Bronx, NY 10458, United States","V448+WR New York, United States",+1 347-963-4757
63,VIP Auto Match Corp,+1 347-346-9906,"2911 Boston Rd, The Bronx, NY 10469, United States","V49R+89 New York, United States",vipautomatchcorp.net
64,Hunts Point Auto Service Center,+1 718-991-8808,"565 Hunts Point Ave, The Bronx, NY 10474, United States","R468+VG The Bronx, New York, United States",huntspointauto.com
65,Eastchester Motor Cars,+1 718-654-3040,"4059 Boston Rd, The Bronx, NY 10466, United States","V5P9+4X The Bronx, New York, United States",eastmotorcars.com
66,Direct Cars NY Any Make Any Model New and Used,+1 917-974-0704,"380 Malcolm X Blvd, New York, NY 10037, United States","R364+5Q New York, United States",+1 917-974-0704
67,26 Motors Corp,+1 718-231-2626,"3981 Boston Rd, The Bronx, NY 10466, United States","V5M8+VQ The Bronx, New York, United States",26motors.com
68,Advanced Auto Mall,+1 718-515-1013,"3203 Boston Rd, The Bronx, NY 10469, United States","V4CV+JG New York, United States",advancedautomall.com
69,V.A. Auto Motor,+1 347-843-8071,"3010 Boston Rd, The Bronx, NY 10469, United States","V49V+V6 New York, United States",vaautomotors.com
70,City World Ford,+1 866-542-9418,"3305 Boston Rd, The Bronx, NY 10469, United States","V4FW+HJ The Bronx, New York, United States",cityworldford.net
71,Real City Used Auto Parts,+1 718-861-6555,"1213 Randall Ave, The Bronx, NY 10474, United States","R466+Q3 The Bronx, New York, United States",realcityautoparts.com
72,52 Motors Corp,+1 718-515-2626,"2940 Boston Rd, The Bronx, NY 10469, United States","V49R+9P The Bronx, New York, United States",52motorsny.com
73,Chase Auto Group Inc.,+1 347-346-7240,"1733 E Gun Hill Rd, The Bronx, NY 10469, United States","V587+3P The Bronx, New York, United States",chaseautogroup.net
74,Muyisuf Autos,+1 718-795-5808,"1847 Phelan Pl, The Bronx, NY 10453, United States","V33M+CF The Bronx, New York, United States",+1 718-795-5808
75,Two Brothers Auto Sales Corp,+1 201-430-3163,"8924 Tonnele Ave, North Bergen, NJ 07047, United States","RX7Q+2J North Bergen, New Jersey, United States",business.site
76,Allied Used Auto Parts,+1 718-542-7300,"1371 Spofford Ave, The Bronx, NY 10474, United States","R488+3M New York, United States",+1 718-542-7300
77,La Sorsa Buick Parts Department,+1 718-654-3115,"3510 Webster Ave, The Bronx, NY 10467, United States","V4HH+MG The Bronx, New York, United States",lasorsachevroletbuick.com
78,Espaillat Motors Inc,+1 718-589-7376,"321 Barretto St, The Bronx, NY 10474, United States","R456+5V New York, United States",+1 718-589-7376
79,R & M Auto LLC,+1 718-881-8400,"2953 Boston Rd, The Bronx, NY 10469, United States","V49R+JM New York, United States",+1 718-881-8400
80,Walmart Supercenter,+1 201-758-2810,"2100 88th St, North Bergen, NJ 07047, United States","RX7P+JH North Bergen, New Jersey, United States",walmart.com
81,Tread Bike Shop,+1 212-544-7055,"250 Dyckman St, New York, NY 10034, United States","V38C+GH New York, United States","V38C+GH New York, United States"
82,2 RICH MOTOR SALES INC,+1 718-231-7500,"3884 Boston Rd, The Bronx, NY 10475, United States","V5M7+5W New York, United States",2richmotorsales.com
83,F&F Automall Corp,+1 718-655-0500,"3574 Boston Rd, The Bronx, NY 10469, United States","V5H4+8F The Bronx, New York, United States",fandfautomallcorp.com
84,Salvage Car New York,+1 855-881-5865,"881 5th Ave, New York, NY 10065, United States","Q2CJ+9R New York, United States",salvagecarnewyork.com
85,AutoTribe NJ Used Car Sales & Trade in's,+1 201-658-6797,"529 Church St, Ridgefield, NJ 07657, United States","RXPQ+27 Ridgefield, New Jersey, United States",+1 201-658-6797
86,Pelham Used Car Inc,+1 718-824-8683,"140 Pennyfield Ave, The Bronx, NY 10465, United States","R56V+QV New York, United States",pelhamusedcar.com
87,U-Haul Truck Sales of New York City,+1 718-562-7418,"230 W 230th St, The Bronx, NY 10463, United States","V3HR+77 New York, United States",uhaul.com
