,name,contact number,address1,address2,website
0,Yonkers Convenience & Cigar Store,+1 914-423-6009,"795 Yonkers Ave, Yonkers, NY 10704, United States","W4CP+WQ Yonkers, New York, United States",+1 914-423-6009
1,Crestwood convenience Store,+1 914-779-0400,"16 Crisfield St, Yonkers, NY 10710, United States","X5G9+49 Yonkers, New York, United States",+1 914-779-0400
2,Mike's Convenience Store,Add phone number,"23 Palisade Ave, Yonkers, NY 10701, United States","W4M3+QG Yonkers, New York, United States",Claim this business
3,Delgado's Grocery,+1 914-969-4869,"85 Yonkers Ave, Yonkers, NY 10701, United States","W4P7+58 Yonkers, New York, United States",+1 914-969-4869
4,Cesco Convenience Store Inc.,Add phone number,"Yonkers, NY 10704, United States","W43J+JR Yonkers, New York, United States",Claim this business
5,998 McLean Ave. Inc. Grocery & Convenient,Add phone number,"998 McLean Ave, Yonkers, NY 10704, United States","W43P+46 Yonkers, New York, United States",Claim this business
6,998 McLean Ave. Inc. Grocery & Convenient,Add phone number,"998 McLean Ave, Yonkers, NY 10704, United States","W43P+46 Yonkers, New York, United States",Claim this business
7,Cabral Grocery,+1 914-375-0019,"139 Herriot St, Yonkers, NY 10701, United States","W3HW+9V Yonkers, New York, United States",+1 914-375-0019
8,Cabral Grocery,+1 914-375-0019,"139 Herriot St, Yonkers, NY 10701, United States","W3HW+9V Yonkers, New York, United States",+1 914-375-0019
9,Sunoco Gas Station,+1 914-237-2643,"931 McLean Ave, Yonkers, NY 10704, United States","W43M+93 Yonkers, New York, United States","931 McLean Ave, Yonkers, NY 10704, United States"
10,Small Mini Mart Corporation,+1 914-920-5888,"55 Palisade Ave, Yonkers, NY 10701, United States","W4P3+2X Yonkers, New York, United States",+1 914-920-5888
11,Yonkers Citgo Super Value,+1 914-457-4839,"704 Saw Mill River Rd, Yonkers, NY 10710, United States","X45H+RR Yonkers, New York, United States",+1 914-457-4839
12,El Triunfo Mini Market,+1 914-376-7224,"173 Ashburton Ave, Yonkers, NY 10701, United States","W4Q6+V7 Yonkers, New York, United States",+1 914-376-7224
13,Avenue Deli Grocery,Add phone number,"174 Yonkers Ave, Yonkers, NY 10701, United States","W4P9+24 Yonkers, New York, United States",
14,BP,+1 914-969-0315,"1245 Nepperhan Ave, Yonkers, NY 10703, United States","X48G+GX Yonkers, New York, United States","1245 Nepperhan Ave, Yonkers, NY 10703, United States"
15,Ambar Food Store Inc,Add phone number,"373 Warburton Ave, Yonkers, NY 10701, United States","W4X3+F9 Yonkers, New York, United States",
16,Shell,+1 914-376-9174,"1 Enterprise Blvd, Yonkers, NY 10701, United States","X4CC+PC Yonkers, New York, United States","1 Enterprise Blvd, Yonkers, NY 10701, United States"
17,Shell,+1 914-375-2640,"364 Nepperhan Ave, Yonkers, NY 10701, United States","W4Q7+JP Yonkers, New York, United States","364 Nepperhan Ave, Yonkers, NY 10701, United States"
18,Shell,+1 914-226-8824,"597 S Broadway, Yonkers, NY 10705, United States","W473+26 Yonkers, New York, United States","597 S Broadway, Yonkers, NY 10705, United States"
19,Te-Amo Convenience Store,+1 718-865-9121,"5586 Broadway, The Bronx, NY 10463, United States","V3HW+H6 New York, United States",+1 718-865-9121
20,BP,+1 914-964-8119,"191 McLean Ave, Yonkers, NY 10705, United States","W476+M2 Yonkers, New York, United States","191 McLean Ave, Yonkers, NY 10705, United States"
21,BP,+1 914-294-0469,"594 Nepperhan Ave, Yonkers, NY 10703, United States","W4W9+G5 Yonkers, New York, United States","594 Nepperhan Ave, Yonkers, NY 10703, United States"
22,Shell,+1 914-968-6912,"414 McLean Ave, Yonkers, NY 10705, United States","W467+GQ Yonkers, New York, United States",find.shell.com
23,Hala Market,+1 914-969-4224,"324 S Broadway, Yonkers, NY 10705, United States","W4C3+WP Yonkers, New York, United States",+1 914-969-4224
24,Teamo convenience store,Add phone number,"Plains Rd, The Bronx, NY 10467, United States","V4HM+3V The Bronx, New York, United States",
25,Shell,+1 914-709-9307,"731 Central Park Ave, Yonkers, NY 10704, United States","W4GR+GJ Yonkers, New York, United States","731 Central Park Ave, Yonkers, NY 10704, United States"
26,Duane Reade,+1 914-963-3500,"678 McLean Ave, Yonkers, NY 10704, United States","W45F+HQ Yonkers, New York, United States","W45F+HQ Yonkers, New York, United States"
27,Vargas Grocery's,+1 718-543-4949,"210 W 238th St, The Bronx, NY 10463, United States","V4M2+V5 New York, United States",+1 718-543-4949
28,Shell,+1 914-803-1019,"1063 Yonkers Ave, Yonkers, NY 10704, United States","W47V+G3 Yonkers, New York, United States","1063 Yonkers Ave, Yonkers, NY 10704, United States"
29,King Smoke Shop,+1 914-829-3259,"649 McLean Ave, Yonkers, NY 10705, United States","W45C+GM Yonkers, New York, United States",smokeshopyonkers.com
30,Shell,+1 914-613-8933,"1001 Central Park Ave, Yonkers, NY 10704, United States","W4PV+F9 Yonkers, New York, United States","1001 Central Park Ave, Yonkers, NY 10704, United States"
31,Quick Stop,+1 718-741-0379,"2 Bedford Park Blvd, The Bronx, NY 10468, United States","V4F6+67 New York, United States",quikstop.com
32,Saw Mill Mini-Market,+1 914-963-8043,"317 Saw Mill River Rd, Yonkers, NY 10701, United States","W4XF+36 Yonkers, New York, United States",+1 914-963-8043
33,Doloma Convenience,+1 718-884-2894,"5565 Broadway, The Bronx, NY 10463, United States","V3HV+FW New York, United States",+1 718-884-2894
34,Calvin Deli,+1 718-548-8423,"231 W 230th St, The Bronx, NY 10463, United States","V3HV+44 New York, United States",+1 718-548-8423
35,Jerome Convenient,+1 347-427-1601,"3598 Jerome Ave, The Bronx, NY 10467, United States","V4PC+49 New York, United States",+1 347-427-1601
36,Foodtown Express of Yonkers,+1 914-375-3960,"772 Palisade Ave, Yonkers, NY 10703, United States","X467+2W Yonkers, New York, United States","X467+2W Yonkers, New York, United States"
37,Sunoco Gas Station,+1 718-884-7780,"5914 Riverdale Ave, The Bronx, NY 10471, United States","W35W+2H The Bronx, New York, United States","5914 Riverdale Ave, The Bronx, NY 10471, United States"
38,ACME Markets,+1 914-376-8755,"660 McLean Ave, Yonkers, NY 10704, United States","W45F+P9 Yonkers, New York, United States","W45F+P9 Yonkers, New York, United States"
39,Kimball Ave Getty,+1 914-237-5306,"561 Kimball Ave, Yonkers, NY 10704, United States","W4CW+8F Yonkers, New York, United States",+1 914-237-5306
40,CVS,+1 914-377-8444,"1217 Nepperhan Ave, Yonkers, NY 10703, United States","X48G+9Q Yonkers, New York, United States","X48G+9Q Yonkers, New York, United States"
41,Speedway,+1 718-324-1300,"285 E 233rd St, The Bronx, NY 10470, United States","V4WM+G3 The Bronx, New York, United States",
42,BP,+1 914-963-9826,"944 Central Park Ave, Yonkers, NY 10704, United States","W4MV+MP Yonkers, New York, United States",bp.com
43,Walgreens,+1 914-265-7460,"6 McLean Ave, Yonkers, NY 10705, United States","W4C3+8M Yonkers, New York, United States","W4C3+8M Yonkers, New York, United States"
44,Crestwood convenience Store,+1 914-779-0400,"16 Crisfield St, Yonkers, NY 10710, United States","X5G9+49 Yonkers, New York, United States",+1 914-779-0400
45,BP,+1 914-375-1313,"757 Central Park Ave, Yonkers, NY 10704, United States","W4GR+VV Yonkers, New York, United States","757 Central Park Ave, Yonkers, NY 10704, United States"
46,Villa Deli Grocery,+1 347-590-2760,"3130 Villa Ave, The Bronx, NY 10468, United States","V4G7+44 New York, United States",+1 347-590-2760
47,Pimentel Deli Grocery Corp,+1 718-884-8900,"3142 Heath Ave, The Bronx, NY 10463, United States","V4H2+F5 New York, United States",+1 718-884-8900
48,Atlantis Fresh Market - MOBIL,+1 718-881-0380,"4201 Webster Ave #2449, The Bronx, NY 10470, United States","V4WP+8G The Bronx, New York, United States",+1 718-881-0380
49,CVS,+1 914-968-2501,"25 43 Prospect St, Yonkers, NY 10701, United States","W3MX+6G Yonkers, New York, United States","W3MX+6G Yonkers, New York, United States"
50,A a Deli,+1 781-643-8175,"361 E 204th St, The Bronx, NY 10467, United States","V4CF+Q4 New York, United States",+1 781-643-8175
51,Irish Mini Mart,+1 914-776-1145,"821 McLean Ave, Yonkers, NY 10704, United States","W44H+J9 Yonkers, New York, United States",+1 914-776-1145
52,El Girasol Mini Market Corp.,+1 718-654-4808,"3214 White Plains Rd, The Bronx, NY 10467, United States","V4CM+Q6 The Bronx, New York, United States",facebook.com
53,Walgreens,+1 914-969-7944,"1230 Nepperhan Ave, Yonkers, NY 10703, United States","X48H+27 Yonkers, New York, United States","X48H+27 Yonkers, New York, United States"
54,Sunoco Gas Station,+1 212-304-1304,"5080 Broadway, New York, NY 10034, United States","V3CP+53 New York, United States","5080 Broadway, New York, NY 10034, United States"
55,373 Warburton Grocery,+1 914-968-3538,"373 Warburton Ave, Yonkers, NY 10701, United States","W4X3+F9 Yonkers, New York, United States",+1 914-968-3538
56,Rite Aid,+1 914-963-1705,"420 S Broadway, Yonkers, NY 10705, United States","W493+JG Yonkers, New York, United States",locations.riteaid.com
57,Alpine CITGO,+1 201-784-3300,"1028 Closter Dock Rd, Alpine, NJ 07620, United States","W3WG+V2 Alpine, New Jersey, United States",+1 201-784-3300
58,Walgreens,+1 914-803-0290,"1046 Yonkers Ave, Yonkers, NY 10704, United States","W47R+CH Yonkers, New York, United States","W47R+CH Yonkers, New York, United States"
59,Foodtown of Linden St.,+1 914-965-8867,"70 Linden St, Yonkers, NY 10705, United States","W4M5+C9 Yonkers, New York, United States","W4M5+C9 Yonkers, New York, United States"
60,Stop & Shop,+1 914-378-9312,"111 Vredenburgh Ave, Yonkers, NY 10704, United States","W4GX+F8 Yonkers, New York, United States","W4GX+F8 Yonkers, New York, United States"
61,Riverdale Minimart,+1 914-965-1588,"500 Riverdale Ave, Yonkers, NY 10705, United States","W38X+37 Yonkers, New York, United States",+1 914-965-1588
62,BP,+1 718-220-2259,"3276 Jerome Ave, The Bronx, NY 10468, United States","V4H7+7J The Bronx, New York, United States","3276 Jerome Ave, The Bronx, NY 10468, United States"
63,Francis Grocery & Deli,+1 914-965-4864,"79 Jackson St, Yonkers, NY 10701, United States","W4G2+R5 Yonkers, New York, United States",+1 914-965-4864
64,Superior Market,+1 914-966-0164,"208 Saratoga Ave, Yonkers, NY 10705, United States","W464+9W Yonkers, New York, United States",superiorgrocers.com
65,W&M Convenience Store,+1 347-843-7004,"4703 White Plains Rd, The Bronx, NY 10470, United States","W43X+FV The Bronx, New York, United States",+1 347-843-7004
66,3925 Yanery Groceries Inc,+1 718-654-6986,"3925 Barnes Ave, The Bronx, NY 10466, United States","V4PR+7J New York, United States",+1 718-654-6986
67,Shell,+1 917-287-0537,"3083 Webster Ave, The Bronx, NY 10458, United States","V4CC+7R The Bronx, New York, United States",find.shell.com
68,BP,+1 718-944-1590,"3059 Webster Ave, The Bronx, NY 10467, United States","V4CC+3H The Bronx, New York, United States",bp.com
69,BP,+1 718-708-5262,"3010 Riverdale Ave, The Bronx, NY 10463, United States","V3JR+52 The Bronx, New York, United States","3010 Riverdale Ave, The Bronx, NY 10463, United States"
70,Broadway 1 mini mart,+1 718-484-9070,"5985 broadway, The Bronx, NY 10471, United States","V4Q2+XJ The Bronx, New York, United States",+1 718-484-9070
71,Grocery Inc.,Add phone number,"Yonkers, NY 10701, United States","W4M5+9X Yonkers, New York, United States",Claim this business
72,Foodtown,+1 914-963-3512,"129 Lake Ave, Yonkers, NY 10703, United States","W4W7+V7 Yonkers, New York, United States","W4W7+V7 Yonkers, New York, United States"
73,Super Star Deli Grocery,Add phone number,"203 Ashburton Ave, Yonkers, NY 10701, United States","W4Q6+PW Yonkers, New York, United States",
74,BP,+1 718-654-4490,"641 E Gun Hill Rd, The Bronx, NY 10467, United States","V4HJ+6W The Bronx, New York, United States","641 E Gun Hill Rd, The Bronx, NY 10467, United States"
75,Riverside Gourmet Deli,+1 914-709-1169,"756 Palisade Ave, Yonkers, NY 10703, United States","X457+QQ Yonkers, New York, United States",+1 914-709-1169
76,Key Food Fresh Supermarkets Of Yonkers NY,Add phone number,"660 McLean Ave, Yonkers, NY 10704, United States","W45F+Q9 Yonkers, New York, United States",Claim this business
77,The Butcher's Fancy,+1 914-237-8260,"961 McLean Ave, Yonkers, NY 10704, United States","W43M+6G Yonkers, New York, United States",butchersfancy.com
78,Speedway,+1 718-231-6567,"610 Nereid Ave, The Bronx, NY 10470, United States","V4XR+QX The Bronx, New York, United States",
79,Sunoco Gas Station,+1 914-473-5519,"1940 Central Park Ave, Yonkers, NY 10710, United States","X576+RH Yonkers, New York, United States","1940 Central Park Ave, Yonkers, NY 10710, United States"
80,SAM'S DELI AND GROCERY,+1 914-226-8138,"19 Tuckahoe Rd, Yonkers, NY 10710, United States","X44J+C2 Yonkers, New York, United States",samsyonkersdeli.business.site
81,A & H Candy & Grocery Corporation,+1 914-968-0398,"347 S Broadway, Yonkers, NY 10705, United States","W4C3+MH Yonkers, New York, United States",+1 914-968-0398
82,354 Ray,+1 914-207-1586,"354 Nepperhan Ave, Yonkers, NY 10701, United States","W4Q7+CM Yonkers, New York, United States",+1 914-207-1586
83,Ideal Fresh Market,+1 914-965-6717,"779 Yonkers Ave, Yonkers, NY 10704, United States","W4FP+2H Yonkers, New York, United States","W4FP+2H Yonkers, New York, United States"
84,Alanis Deli Grocery Corps,+1 718-220-0387,"2565 Grand Concourse, The Bronx, NY 10468, United States","V473+JF The Bronx, New York, United States",+1 718-220-0387
85,Cuscatlan Grocery,+1 914-376-2910,"260 S Broadway, Yonkers, NY 10705, United States","W4F4+Q2 Yonkers, New York, United States",+1 914-376-2910
86,N&L Liriano Grocery Corp.,Add phone number,"Yonkers, NY 10701, United States","W4XG+6Q Yonkers, New York, United States",Claim this business
87,Fordham Convenience,Add phone number,"85 W Fordham Rd, The Bronx, NY 10468, United States","V37W+68 New York, United States",Claim this business
88,1053 Anthony Food Market,+1 914-965-6757,"18 Lawrence St, Yonkers, NY 10705, United States","W483+7Q Yonkers, New York, United States",+1 914-965-6757
89,Market Irish Food,+1 914-237-5432,"945 McLean Ave, Yonkers, NY 10704, United States","W43M+97 Yonkers, New York, United States",+1 914-237-5432
90,45 D & D Deli Grocery,+1 914-226-8366,"45 St Josephs Ave, Yonkers, NY 10703, United States","W4R5+HJ Yonkers, New York, United States",+1 914-226-8366
91,Main Street Convenience Store,+1 914-961-2084,"83 Main St, Tuckahoe, NY 10707, United States","W5XF+VG Tuckahoe, Eastchester, NY, United States",+1 914-961-2084
92,A&R Mini Mart,Add phone number,"S Bond St, Mt Vernon, NY 10550, United States","W563+9Q Mt Vernon, Pelham, NY, United States",Claim this business
93,CVS,+1 914-423-5964,"585 Yonkers Ave, Yonkers, NY 10704, United States","W4HJ+22 Yonkers, New York, United States","W4HJ+22 Yonkers, New York, United States"
94,Luz Deli Grocery,+1 914-968-4201,"154 S Broadway, Yonkers, NY 10701, United States","W4H3+CG Yonkers, New York, United States",+1 914-968-4201
95,ATM (HSBC Bank),Add phone number,"778 Yonkers Ave, Yonkers, NY 10704, United States","W4FP+28 Yonkers, New York, United States",Claim this business
96,CVS,+1 914-237-7681,"132 Bronx River Rd, Yonkers, NY 10704, United States","W44R+3P Yonkers, New York, United States","W44R+3P Yonkers, New York, United States"
97,EL CALVARIO Deli y Grocery,+1 914-965-5622,"2 Locust Hill Ave, Yonkers, NY 10701, United States","W4M3+R9 Yonkers, New York, United States",+1 914-965-5622
98,Central International African Market,+1 914-410-4640,"8 Warburton Ave, Yonkers, NY 10701, United States","W4M2+V7 Yonkers, New York, United States","W4M2+V7 Yonkers, New York, United States"
99,AM General Store,+1 718-405-0688,"685 Allerton Ave, The Bronx, NY 10467, United States","V48J+6V The Bronx, New York, United States",+1 718-405-0688
