,name,contact number,address1,address2,website
0,"Regus - New York, Yonkers - 1 Ridge Hill",+1 914-709-6800,"73 Market Street 3rd floor, Yonkers, NY 10710, United States","X47V+4F Yonkers, New York, United States",regus.com
1,Yonkers Building & Housing,+1 914-377-6500,"87 Nepperhan Ave, Yonkers, NY 10701, United States","W4J3+Q6 Yonkers, New York, United States",yonkersny.gov
2,Greendesk - Office Space Brooklyn,+1 718-210-3650,"68 Jay St, Brooklyn, NY 11201, United States","P237+25 Brooklyn, New York, United States",greendesk.com
3,NYC Office Suites,+1 212-257-6440,"1350 6th Ave floor 2, New York, NY 10019, United States","Q27C+2V New York, United States",nycofficesuites.com
4,Roosevelt Square Professional Building,+1 914-363-9299,"11 W Prospect Ave, Mt Vernon, NY 10550, United States","W576+4V Mt Vernon, Pelham, NY, United States",rspbuilding.com
5,The Mink Building,+1 212-280-3534,"1361 Amsterdam Ave, New York, NY 10027, United States","R27V+MV New York, United States",thefactorydistrict.com
6,Office Building,Add phone number,"250 Fulton Ave, Hempstead, NY 11550, United States","P95F+3F Hempstead, NY, United States",Claim this business
7,NEW YORK STATE OFFICE BUILDING,Add phone number,"250 Veterans Memorial Hwy, Hauppauge, NY 11788, United States","RQCJ+34 Hauppauge, Smithtown, NY, United States",Claim this business
8,"YONKERS PROFESSIONAL BUILDING, iNC",+1 718-353-6070,"45 Ludlow St, Yonkers, NY 10705, United States","W4F2+HR Yonkers, New York, United States",+1 718-353-6070
9,NYC Office Suites,+1 212-986-1950,"420 Lexington Ave Suite 300, New York, NY 10170, United States","Q23F+4J New York, United States",nycofficesuites.com
10,Jay Suites Times Square - NYC Office Space for Rent and NYC Meeting Space,+1 212-300-3360,"1441 Broadway 3rd, 5th & 6th Floors, New York, NY 10018, United States","Q237+X5 New York, United States",jaysuites.com
11,Carr Workplaces - Midtown Office Space,+1 347-851-1591,"200 Park Ave #1700, New York, NY 10017, United States","Q23F+88 New York, United States",carrworkplaces.com
12,Newport Office Tower,+1 201-653-5250,"525 Washington Blvd, Jersey City, NJ 07310, United States","PXG7+RQ Jersey City, New Jersey, United States",newporttowernj.com
13,Greendesk - Office Space Greenpoint,+1 718-210-3650,"67 West St, Brooklyn, NY 11222, United States","P2HR+F8 Brooklyn, New York, United States",greendesk.com
14,Office Evolution Woodbridge,+1 732-243-8040,"485 Route US-1 South, Building C, Suite 350, Woodbridge Township, NJ 08830, United States","HM5P+X6 Woodbridge Township, New Jersey, United States",officeevolution.com
15,Jay Suites Penn Station - Shared Office Space & Conference Room Rentals NYC,+1 212-300-3494,"1370 Broadway 5th floor, New York, NY 10018, United States","Q227+P4 New York, United States",jaysuites.com
16,Virgo Business Centers - Empire State Building,+1 212-878-3626,"350 5th Ave, New York, NY 10118, United States","P2X7+CV New York, United States",virgobc.com
17,Jay Suites,+1 212-385-0750,"31 West 34th Street, 7th & 8th Floors, New York, NY 10001, United States","P2X7+V7 New York, United States",jaysuites.com
18,Westchester County Office Building,+1 914-995-2900,"148 Martine Ave # 900, White Plains, NY 10601, United States","26JJ+7V White Plains, New York, United States",westchestergov.com
19,The James A. Farley Building,+1 212-330-3296,"421 8th Ave, New York, NY 10199, United States","Q224+F2 New York, United States",about.usps.com
20,Hippodrome Building,+1 212-626-6996,"1120 6th Ave, New York, NY 10036, United States","Q248+6V New York, United States","Q248+6V New York, United States"
21,"Regus - New York, New York City - Chrysler Building",+1 212-907-6400,"405 Lexington Ave 26th Floor, Manhattan, NY 10174, United States","Q22F+PQ Manhattan, New York, NY, United States",regus.com
22,Greendesk - Office Space Downtown Brooklyn,+1 718-210-3650,"147 Prince St, Brooklyn, NY 11201, United States","M2V9+22 Brooklyn, New York, United States",greendesk.com
23,Suite-Space Private and Coworking Offices,+1 914-372-1750,"245 Saw Mill River Rd #106, Hawthorne, NY 10532, United States","452R+RQ Hawthorne, Mt Pleasant, NY, United States",suite-space.com
24,Servcorp - 375 Park Avenue,+1 212-634-7500,"26th Floor, 375 Park Ave #2607, New York, NY 10152, United States","Q25H+93 New York, United States",servcorp.com
25,NYC Office Suites,+1 646-790-5900,"733 3rd Ave floor 15, New York, NY 10017, United States","Q23G+5X New York, United States",nycofficesuites.com
26,The Yard - Brooklyn Coworking Office Space Gowanus NYC,+1 646-846-4429,"157 13th St, Brooklyn, NY 11215, United States","M294+MX Brooklyn, New York, United States",theyard.com
27,The Yard: Herald Square Coworking Space Manhattan,+1 646-904-4885,"106 W 32nd St, New York, NY 10001, United States","P2X6+C6 New York, United States",theyard.com
28,Greendesk - Office Space Williamsburg,+1 718-210-3650,"240 Kent Ave, Brooklyn, NY 11249, United States","P28M+QP Brooklyn, New York, United States",greendesk.com
29,"Regus - New York, Hauppauge - 150 Motor Parkway",+1 631-439-6800,"Hauppauge Center, 150 Motor Pkwy, Hauppauge, NY 11788, United States","RP4R+Q6 Hauppauge, Smithtown, NY, United States",regus.com
30,Select Office Suites - Office Space NYC,+1 212-710-2700,"90 Broad St 3rd floor, New York, NY 10004, United States","PX3Q+G6 New York, United States",selectofficesuites.com
31,The Farm SoHo NYC - Coworking Office Space,+1 917-722-5027,"447 Broadway 2nd floor, New York, NY 10013, United States","PXCX+6F New York, United States",thefarmsoho.com
32,Professional Office Rental,+1 516-944-0000,"14 Vanderventer Ave #200a, Port Washington, NY 11050, United States","R8H8+62 Port Washington, North Hempstead, NY, United States",professionalofficerental.com
33,"Spaces - New York, New York City - Spaces Chrysler Building",+1 888-866-9799,"405 Lexington Avenue Floors 1, 7, 8 and 9, New York, NY 10174, United States","Q22F+RP New York, United States",spacesworks.com
34,"Spaces - New York, New York City - Spaces 230 Park Avenue",+1 212-972-5700,"230 Park Ave Floors 3 and, 4, New York, NY 10169, United States","Q23F+QG New York, United States",spacesworks.com
35,The Yard: Flatiron South Coworking Space NYC,+1 212-658-0767,"234 5th Ave, New York, NY 10001, United States","P2V6+PR New York, United States",theyard.com
36,Bevmax Office Centers: Tribeca & Soho,+1 212-710-0093,"40 Worth St 10th floor, New York, NY 10013, United States","PX8V+R6 New York, United States",bevmaxoffice.com
37,Scarsdale Stark Office Suites,+1 914-220-8300,"2 Overhill Rd, Scarsdale, NY 10583, United States","X5QV+73 Scarsdale, NY, United States",starkofficesuites.com
38,Hoboken Business Center - Office Space,+1 201-792-6648,"50 Harrison St, Hoboken, NJ 07030, United States","PXQ4+2W Hoboken, New Jersey, United States",hobokenoffice.com
39,The Yard - Williamsburg Bridge Coworking Space Brooklyn,+1 646-956-1902,"195 Broadway, Brooklyn, NY 11211, United States","P25Q+X7 Brooklyn, New York, United States",theyard.com
40,Select Office Suites - Office Space NYC,+1 212-851-8400,"116 W 23rd St, New York, NY 10011, United States","P2V4+4J New York, United States",selectofficesuites.com
41,Quest Workspaces 800 3rd Midtown NYC,+1 212-292-3800,"800 3rd Ave #2800, New York, NY 10022, United States","Q24H+7C New York, United States",questworkspaces.com
42,"2 US Executive Center: Private Offices, Coworking, Conference Rooms, Virtual Offices",+1 201-541-3800,"560 Sylvan Ave #1000, Englewood Cliffs, NJ 07632, United States","V3M2+QC Englewood Cliffs, New Jersey, United States",usexecutive.center
43,Greendesk - Office Space Greenpoint,+1 718-210-3650,"42 West St, Brooklyn, NY 11222, United States","P2HR+7H Brooklyn, New York, United States",greendesk.com
44,Hudson River Landing,+1 914-693-0033,"145 Palisade St, Dobbs Ferry, NY 10522, United States","248C+QR Dobbs Ferry, Greenburgh, NY, United States",hrlanding.com
45,"Spaces - New York, Long Island City - Spaces",+1 844-677-2237,"The Falchi Building, 31-00 47th Ave, 11101, United States","P3R7+QR New York, United States",spacesworks.com
46,Jay Suites Madison Avenue - NYC Office Rentals + Meeting Rooms for Rent,+1 212-385-1260,"315 Madison Avenue 3rd & 4th Floors, NY 10017, United States","Q23C+28 New York, United States",jaysuites.com
47,228 Lafayette Professional Office Building,+1 347-563-3859,"228 Lafayette St, Newark, NJ 07105, United States","PRHP+HV Newark, New Jersey, United States",+1 347-563-3859
48,"Regus - New York, New York - 275 Seventh Avenue",+1 646-722-3000,"275 7th Ave 7th Floor, New York, NY 10001, United States","P2W4+58 New York, United States",regus.com
49,White Plains Stark Office Suites,+1 914-220-8300,"445 Hamilton Ave, White Plains, NY 10601, United States","26MP+X3 White Plains, New York, United States",starkofficesuites.com
50,The Cardinal Building,+1 646-421-6420,"21-01 51st Ave, Long Island City, NY 11101, United States","P3R2+G6 New York, United States",thecardinalbuilding.com
51,Corporate Suites NYC Office Space - 6th Avenue,+1 212-703-7999,"1180 6th Ave, New York, NY 10036, United States","Q249+X7 New York, United States",corporatesuites.com
52,Office Evolution Hackensack,+1 201-645-1200,"2 University Plaza Dr #100, Hackensack, NJ 07601, United States","VXX8+66 Hackensack, New Jersey, United States",officeevolution.com
53,Quest Workspaces 48 Wall Street NYC,+1 212-918-4800,"48 Wall St #1100, New York, NY 10005, United States","PX4R+J8 New York, United States",questworkspaces.com
54,Greendesk,+1 718-210-3650,"34-18 Northern Blvd, Long Island City, NY 11101, United States","Q32C+P8 Long Island City, Queens, NY, United States",greendesk.com
55,"RI Manhattan Realty, Commercial Real Estate Services",+1 212-581-3003,"38 W 39th St, New York, NY 10018, United States","Q228+V8 New York, United States",retail-officespace.com
56,"Spaces - New York, New York City - Spaces 1740 Broadway",+1 646-793-6100,"1740 Broadway 15th Floor, New York, NY 10019, United States","Q279+X6 New York, United States",spacesworks.com
57,Office Evolution Somerville,+1 908-751-4986,"50 Division St Suite 501, Somerville, NJ 08876, United States","H98P+RG Somerville, New Jersey, United States",officeevolution.com
58,Harborside 2,+1 201-915-8510,"200 Hudson St, Jersey City, NJ 07302, United States","PX98+FQ Jersey City, New Jersey, United States",harborsidejc.com
59,Two Trees Office Space - Dumbo (45 Main),+1 718-222-2500,"45 Main St, Brooklyn, NY 11201, United States","P235+5Q Brooklyn, New York, United States",twotreesny.com
60,United States Postal Service,+1 800-275-8777,"79-81 Main St, Yonkers, NY 10701, United States","W3PX+25 Yonkers, New York, United States",tools.usps.com
61,Work Better,+1 888-676-1297,"33 W 19th St, New York, NY 10011, United States","P2R4+2R New York, United States",workbetter.us
62,Rye Brook Stark Office Suites,+1 914-428-0500,"800 Westchester Ave, Rye Brook, NY 10573, United States","2845+HR Rye Brook, Rye, NY, United States",starkofficesuites.com
63,Jay Suites Financial District - Furnished Office Space Rentals & Manhattan Office Space For Rent,+1 212-300-6675,"30 Broad St 14th floor, New York, NY 10004, United States","PX4Q+C9 New York, United States",jaysuites.com
64,401 Broadway,+1 212-226-8363,"401 Broadway, New York, NY 10013, United States","PX9W+HV New York, United States",401broadway.com
65,Servcorp One World Trade Center,+1 212-220-8500,"285 Fulton St 85th floor, New York, NY 10006, United States","PX7P+6P New York, United States",servcorp.com
66,Totus Business Center - Office Space Melville,+1 631-574-4400,"105 Maxess Rd #124, Melville, NY 11747, United States","QHFP+3V Melville, Huntington, NY, United States",totusoffice.com
67,Putnam County Office Building,Add phone number,"40 Gleneida Ave Room 100, Carmel Hamlet, NY 10512, United States","C8GC+FH Carmel Hamlet, Carmel, NY, United States",putnamcountyny.com
68,"Spaces - New York, New York City - Spaces Brooklyn Fort Greene",+1 929-298-4700,"41 Flatbush Ave Floors 1 & 2, NY 11217, United States","M2QC+26 New York, United States",spacesworks.com
69,"Regus - New Jersey, East Brunswick - East Brunswick",+1 732-246-2000,"197 State Route 18 South Suite 3000, South Wing, East Brunswick, NJ 08816, United States","FH9R+H9 East Brunswick, New Jersey, United States",regus.com
70,"Regus - New York, New Rochelle - New Rochelle",+1 914-999-6100,"173 Huguenot St Suite 200, New Rochelle, NY 10801, United States","W679+4F New Rochelle, New York, United States",regus.com
71,Corporate Suites NYC Office Space - Madison Avenue,+1 212-376-5577,"275 Madison Ave, New York, NY 10016, United States","Q22C+F2 New York, United States",corporatesuites.com
72,"Regus - New Jersey, Piscataway Knightsbridge",+1 732-384-3300,"30 Knightsbridge Rd Suite 525, Piscataway, NJ 08854, United States","GGW9+8C Piscataway, New Jersey, United States",regus.com
73,"Jay Suites Fifth Avenue - Flexible, Furnished Office Space and Meeting Spaces",+1 212-268-4900,"15 W 38th St, New York, NY 10018, United States","Q228+JG New York, United States",jaysuites.com
74,Executive Office Center Fresh Meadows - Cheap Virtual Office Space - Mailbox Rental Service Queens,+1 718-475-2121,"61-43 186th St, Fresh Meadows, NY 11365, United States","P6Q6+JX Fresh Meadows, Queens, NY, United States",executiveofficefm.com
75,Stark Office Suites,+1 914-220-8300,"500 Mamaroneck Ave, Harrison, NY 10528, United States","X7G5+W5 Harrison, NY, United States",starkofficesuites.com
76,Corporate Suites NYC Office Space - Third Avenue,+1 212-376-5100,"757 3rd Ave, New York, NY 10017, United States","Q23H+HC New York, United States",corporatesuites.com
77,Helix Workspace Madison Avenue,+1 646-652-8572,"295 Madison Ave, New York, NY 10017, United States","Q22C+P6 New York, United States",helixworkspace.com
78,Stark Office Suites Plaza District Manhattan,+1 212-601-9280,"110 E 59th St 23rd floor, New York, NY 10022, United States","Q26J+W6 New York, United States",starkofficesuites.com
79,Greendesk - Office Space Long Island City,+1 718-210-3650,"29-28 41st Ave, Long Island City, NY 11101, United States","Q327+56 Long Island City, Queens, NY, United States",greendesk.com
80,Corporate Suites NYC Office Space - Lexington Avenue,+1 212-328-9500,"641 Lexington Ave, New York, NY 10022, United States","Q25J+H5 New York, United States",corporatesuites.com
81,"Regus - New York, Brooklyn - Brooklyn Heights - MetroTech",+1 347-689-7500,"One Pierrepont Plaza, 300 Cadman Plaza W, Brooklyn, NY 11201, United States","M2W5+2C Brooklyn, New York, United States",regus.com
82,Jay Suites Plaza District - NYC Flexible Office Space & Conference Rooms for Rent,+1 212-929-3500,"8th & 9th Floors, 515 Madison Ave, New York, NY 10022, United States","Q25G+VF New York, United States",jaysuites.com
83,Emerge212 Full-Service Office Suites,+1 212-404-2000,"3 Columbus Cir #8716, New York, NY 10019, United States","Q289+P5 New York, United States",emerge212.com
84,YouOffice | Private Office Suites and Coworking Space | Long Island Office Space,+1 516-366-5555,"50 Glen St, Glen Cove, NY 11542, United States","V97C+G3 Glen Cove, New York, United States",youoffice.com
85,Midtown Manhattan NYC Stark Office Suites,+1 212-601-9280,"60 E 42nd St #4600, New York, NY 10165, United States","Q22C+RG New York, United States",starkofficesuites.com
86,"Regus - New York, New York City - 1501 Broadway Times Square",+1 646-571-2000,"1501 Broadway 12th Floor, Manhattan, NY 10036, United States","Q247+RC Manhattan, New York, NY, United States",regus.com
87,"Regus - New York, New York City - 845 Third Avenue",+1 646-290-5000,"845 3rd Ave 6th Floor, Manhattan, NY 10022, United States","Q24J+J3 Manhattan, New York, NY, United States",regus.com
88,Bridgeline on the Hudson - Office Space for Rent,+1 914-368-6860,"90 N Broadway, Irvington, NY 10533, United States","24WQ+2F Irvington, Greenburgh, NY, United States",bridgelinehudson.com
89,"Regus - New York, New York City - 555 Madison Avenue",+1 917-472-0500,"555 Madison Ave 5th Floor, Manhattan, NY 10022, United States","Q26G+FR Manhattan, New York, NY, United States",regus.com
90,Yonkers Inspector General,+1 914-377-6107,"40 S Broadway, Yonkers, NY 10701, United States","W4J2+VR Yonkers, New York, United States",yonkersny.gov
91,Mount Kisco Stark Office Suites,+1 914-220-8300,"118 N Bedford Rd, Mt Kisco, NY 10549, United States","676H+HG Mt Kisco, NY, United States",starkofficesuites.com
92,Virgo Business Centers - Penn Station,+1 212-878-3626,"225 W 34th St, New York, NY 10122, United States","Q225+P8 New York, United States",virgobc.com
93,Mack & Cali,+1 732-590-1000,"101 Eisenhower Pkwy, Roseland, NJ 07068, United States","RMHJ+JC Roseland, New Jersey, United States",mack-cali.com
94,Corporate Suites NYC Office Space - Park Avenue South,+1 212-382-4670,"2 Park Ave 20th floor, New York, NY 10016, United States","P2W8+GX New York, United States",corporatesuites.com
95,"Regus - New York, New York City - Grand Central",+1 212-880-6400,"100 Park Ave, Manhattan, NY 10017, United States","Q22C+JC Manhattan, New York, NY, United States",regus.com
96,Instant Offices New York,+1 972-913-2893,"21 W 46th St STE 601, New York, NY 10036, United States","Q249+MX New York, United States",instantoffices.com
97,"Regus - New York, Lake Success - Lake Success",+1 516-622-2200,"1979 Marcus Ave Suite 210, Lake Success, NY 11042, United States","Q844+67 Lake Success, North Hempstead, NY, United States",regus.com
98,"Regus - New York, New York City - 590 Madison Avenue",+1 212-521-4000,"590 Madison Ave 21st Floor, Manhattan, NY 10022, United States","Q26G+VV Manhattan, New York, NY, United States",regus.com
99,"Regus - New York, New York City - Americas Tower",+1 646-452-7000,"1177 6th Ave 5th Floor, New York, NY 10036, United States","Q248+RX New York, United States",regus.com
