,name,contact number,address1,address2,website
0,Zuppa Restaurant & Lounge,+1 914-376-6500,"59 Main St, Yonkers, NY 10701, United States","W3MX+WH Yonkers, New York, United States",
1,X2O Xaviars on the Hudson,+1 914-965-1111,"71 Water Grant St, Yonkers, NY 10701, United States","W3PW+26 Yonkers, New York, United States",
2,Zuppa Restaurant & Lounge,+1 914-376-6500,"59 Main St, Yonkers, NY 10701, United States","W3MX+WH Yonkers, New York, United States",
3,Rory Dolan's Restaurant & Bar,+1 914-776-2946,"890 McLean Ave, Yonkers, NY 10704, United States","W43J+XF Yonkers, New York, United States",
4,La Lanterna,+1 914-476-3060,"23 Gray Oaks Ave, Yonkers, NY 10710, United States","X4GJ+8Q Yonkers, New York, United States","X4GJ+8Q Yonkers, New York, United States"
5,Dolphin Restaurant,+1 914-751-8170,"1 Van Der Donck St, Yonkers, NY 10701, United States","W3PW+2G Yonkers, New York, United States",
6,Havana Central,+1 914-423-5500,"1 Ridge Hill Boulevard, Yonkers, NY 10710, United States","X48V+F9 Yonkers, New York, United States",
7,Dom & Vinnie's Restaurant,+1 914-476-6666,"351 Saw Mill River Rd, Yonkers, NY 10701, United States","W4XF+G8 Yonkers, New York, United States","W4XF+G8 Yonkers, New York, United States"
8,DeCosta's,+1 914-964-8887,"400 Yonkers Ave #2600, Yonkers, NY 10704, United States","W4JH+8P Yonkers, New York, United States",
9,Louie & Johnnie's Ristorante Primavera,+1 914-423-3300,"887 Yonkers Ave, Yonkers, NY 10704, United States","W49Q+PV Yonkers, New York, United States","W49Q+PV Yonkers, New York, United States"
10,Lefteris Gyro III,+1 914-437-8490,"Ridge Hill Mall, 242 Market Street, Yonkers, NY 10710, United States","X48V+G9 Yonkers, New York, United States","X48V+G9 Yonkers, New York, United States"
11,A & V Pizzeria,+1 914-423-3885,"281 Morsemere Ave, Yonkers, NY 10703, United States","X439+8F Yonkers, New York, United States","X439+8F Yonkers, New York, United States"
12,Seven Brothers Diner,+1 914-969-8871,"900 Saw Mill River Rd, Yonkers, NY 10710, United States","X48J+G6 Yonkers, New York, United States","X48J+G6 Yonkers, New York, United States"
13,Guapo Mexican and Cuban Cousin,+1 914-920-5900,"10 Warburton Ave, Yonkers, NY 10701, United States","W4M2+W7 Yonkers, New York, United States",
14,Yard House,+1 914-375-9273,"237 Market Street, Yonkers, NY 10701, United States","X48V+C3 Yonkers, New York, United States","X48V+C3 Yonkers, New York, United States"
15,Tombolino,+1 914-237-1266,"356 Kimball Ave, Yonkers, NY 10704, United States","W47R+8V Yonkers, New York, United States","W47R+8V Yonkers, New York, United States"
16,Rosie's Bistro Italiano,+1 914-793-2000,"10 Palmer Ave, Bronxville, NY 10708, United States","W5R6+FR Bronxville, Eastchester, NY, United States",
17,Carlo's Restaurant,+1 914-793-1458,"668 Tuckahoe Rd, Yonkers, NY 10710, United States","X534+9F Yonkers, New York, United States","X534+9F Yonkers, New York, United States"
18,Raceway Diner,+1 914-969-4343,"833 Yonkers Ave, Yonkers, NY 10704, United States","W4CQ+88 Yonkers, New York, United States","W4CQ+88 Yonkers, New York, United States"
19,Raceway Diner,+1 914-969-4343,"833 Yonkers Ave, Yonkers, NY 10704, United States","W4CQ+88 Yonkers, New York, United States","W4CQ+88 Yonkers, New York, United States"
20,Yara's,+1 914-751-1100,"779 Palisade Ave, Yonkers, NY 10703, United States","X467+5R Yonkers, New York, United States","X467+5R Yonkers, New York, United States"
21,Reno's Trattoria,+1 914-968-7366,"33 Lockwood Ave, Yonkers, NY 10701, United States","W4XG+46 Yonkers, New York, United States","W4XG+46 Yonkers, New York, United States"
22,Frank Pepe Pizzeria Napoletana,+1 914-961-8284,"1955 Central Park Ave, Yonkers, NY 10710, United States","X586+5F Yonkers, New York, United States","X586+5F Yonkers, New York, United States"
23,Pondfield Cafe,+1 914-337-5221,"3 Pondfield Rd W, Yonkers, NY 10708, United States","W5V6+CC Yonkers, New York, United States","W5V6+CC Yonkers, New York, United States"
24,Texas de Brazil,+1 914-652-9660,"1 Ridge Hill Boulevard, Yonkers, NY 10710, United States","X46V+VP Yonkers, New York, United States",
25,Pondfield Cafe,+1 914-337-5221,"3 Pondfield Rd W, Yonkers, NY 10708, United States","W5V6+CC Yonkers, New York, United States","W5V6+CC Yonkers, New York, United States"
26,Lusitania Seafood Restaurant,+1 914-969-4600,"15 Lockwood Ave, Yonkers, NY 10701, United States","W4XF+4J Yonkers, New York, United States","W4XF+4J Yonkers, New York, United States"
27,La Grotta,+1 914-237-4075,"811 McLean Ave, Yonkers, NY 10704, United States","W44H+Q5 Yonkers, New York, United States","W44H+Q5 Yonkers, New York, United States"
28,McKeon's Bar and Restaurant,+1 914-530-2386,"996 McLean Ave, Yonkers, NY 10704, United States","W43P+56 Yonkers, New York, United States","W43P+56 Yonkers, New York, United States"
29,Francey Brady's,+1 914-226-8644,"72 Main St, Yonkers, NY 10701, United States","W3MX+R8 Yonkers, New York, United States","W3MX+R8 Yonkers, New York, United States"
30,La Bella Havana,+1 914-920-9777,"35 Main St, Yonkers, NY 10701, United States","W4M2+V2 Yonkers, New York, United States",
31,Rancho Grande,+1 914-337-3056,"1789 Central Park Ave, Yonkers, NY 10710, United States","X565+MF Yonkers, New York, United States","X565+MF Yonkers, New York, United States"
32,La Bella Havana,+1 914-920-9777,"35 Main St, Yonkers, NY 10701, United States","W4M2+V2 Yonkers, New York, United States",
33,Rancho Grande,+1 914-337-3056,"1789 Central Park Ave, Yonkers, NY 10710, United States","X565+MF Yonkers, New York, United States","X565+MF Yonkers, New York, United States"
34,Hapag Filipino Cuisine,+1 914-652-7773,"1789 Central Park Ave #1787, Yonkers, NY 10710, United States","X565+G5 Yonkers, New York, United States","X565+G5 Yonkers, New York, United States"
35,Hapag Filipino Cuisine,+1 914-652-7773,"1789 Central Park Ave #1787, Yonkers, NY 10710, United States","X565+G5 Yonkers, New York, United States","X565+G5 Yonkers, New York, United States"
36,Hapag Filipino Cuisine,+1 914-652-7773,"1789 Central Park Ave #1787, Yonkers, NY 10710, United States","X565+G5 Yonkers, New York, United States","X565+G5 Yonkers, New York, United States"
37,Pizza Barn,+1 914-378-1400,"70 McLean Ave, Yonkers, NY 10705, United States","W494+FG Yonkers, New York, United States","W494+FG Yonkers, New York, United States"
38,Fortina,+1 914-358-3595,"1086 N Broadway, Yonkers, NY 10701, United States","X4C9+W4 Yonkers, New York, United States",
39,Fortina,+1 914-358-3595,"1086 N Broadway, Yonkers, NY 10701, United States","X4C9+W4 Yonkers, New York, United States",
40,Luciano's,+1 914-961-5550,"2192 Central Park Ave, Yonkers, NY 10710, United States","X5F8+37 Yonkers, New York, United States","X5F8+37 Yonkers, New York, United States"
41,Khangri Japanese Restaurant,+1 914-968-2134,"22 Warburton Ave, Yonkers, NY 10701, United States","W4P2+2C Yonkers, New York, United States","W4P2+2C Yonkers, New York, United States"
42,The Cheesecake Factory,+1 914-709-9240,"140 Market Street, Yonkers, NY 10710, United States","X47V+HJ Yonkers, New York, United States","X47V+HJ Yonkers, New York, United States"
43,Luciano's,+1 914-961-5550,"2192 Central Park Ave, Yonkers, NY 10710, United States","X5F8+37 Yonkers, New York, United States","X5F8+37 Yonkers, New York, United States"
44,Iso Japanese Cuisine,+1 914-963-0777,"1086 N Broadway #115, Yonkers, NY 10701, United States","X4C9+P4 Yonkers, New York, United States","X4C9+P4 Yonkers, New York, United States"
45,Marcellino's,+1 914-395-0033,"328 Tuckahoe Rd, Yonkers, NY 10710, United States","X43R+8W Yonkers, New York, United States","X43R+8W Yonkers, New York, United States"
46,Marcellino's,+1 914-395-0033,"328 Tuckahoe Rd, Yonkers, NY 10710, United States","X43R+8W Yonkers, New York, United States","X43R+8W Yonkers, New York, United States"
47,Marcellino's,+1 914-395-0033,"328 Tuckahoe Rd, Yonkers, NY 10710, United States","X43R+8W Yonkers, New York, United States","X43R+8W Yonkers, New York, United States"
48,Calabria Mia,+1 914-222-9555,"2150 Central Park Ave, Yonkers, NY 10710, United States","X5C8+H2 Yonkers, New York, United States","X5C8+H2 Yonkers, New York, United States"
49,The Juice House,+1 914-410-4999,"558 Kimball Ave, Yonkers, NY 10704, United States","W4CW+3F Yonkers, New York, United States","W4CW+3F Yonkers, New York, United States"
50,San Martino Ristorante,+1 914-779-5300,"12 Young Ave, Yonkers, NY 10710, United States","X5J9+JX Yonkers, New York, United States","X5J9+JX Yonkers, New York, United States"
51,Saints & Scholars,+1 914-457-5550,"790 McLean Ave, Yonkers, NY 10704, United States","W45H+34 Yonkers, New York, United States","W45H+34 Yonkers, New York, United States"
52,The Juice House,+1 914-410-4999,"558 Kimball Ave, Yonkers, NY 10704, United States","W4CW+3F Yonkers, New York, United States","W4CW+3F Yonkers, New York, United States"
53,Saints & Scholars,+1 914-457-5550,"790 McLean Ave, Yonkers, NY 10704, United States","W45H+34 Yonkers, New York, United States","W45H+34 Yonkers, New York, United States"
54,Caridad & Louie's Restaurant,+1 914-375-9777,"187 S Broadway, Yonkers, NY 10701, United States","W4H3+3F Yonkers, New York, United States","W4H3+3F Yonkers, New York, United States"
55,Eileen's,+1 914-776-7532,"960 McLean Ave, Yonkers, NY 10704, United States","W43M+8M Yonkers, New York, United States","W43M+8M Yonkers, New York, United States"
56,Tio Nacho,+1 914-476-4000,"797 Yonkers Ave, Yonkers, NY 10704, United States","W4CP+VQ Yonkers, New York, United States",
57,Stew Leonard's,+1 914-375-4700,"1 Stew Leonard Dr, Yonkers, NY 10710, United States","X4FP+G6 Yonkers, New York, United States","X4FP+G6 Yonkers, New York, United States"
58,Great Wall,+1 914-963-2920,"837 Midland Ave e, Yonkers, NY 10704, United States","W4PQ+55 Yonkers, New York, United States","W4PQ+55 Yonkers, New York, United States"
59,Olive Garden Italian Restaurant,+1 914-375-4505,"9025 Xavier Dr, Yonkers, NY 10704, United States","W4HX+M7 Yonkers, New York, United States","W4HX+M7 Yonkers, New York, United States"
60,Goloso Restaurant,+1 914-349-9300,"359 S Broadway, Yonkers, NY 10705, United States","W4C3+FF Yonkers, New York, United States","W4C3+FF Yonkers, New York, United States"
61,Gigi's,+1 914-423-8076,"495 Odell Ave, Yonkers, NY 10703, United States","X48G+MW Yonkers, New York, United States","X48G+MW Yonkers, New York, United States"
62,Gigi's,+1 914-423-8076,"495 Odell Ave, Yonkers, NY 10703, United States","X48G+MW Yonkers, New York, United States","X48G+MW Yonkers, New York, United States"
63,Nely's,+1 914-613-9573,"180 S Broadway, Yonkers, NY 10701, United States","W4G3+XM Yonkers, New York, United States","W4G3+XM Yonkers, New York, United States"
64,Gigi's,+1 914-423-8076,"495 Odell Ave, Yonkers, NY 10703, United States","X48G+MW Yonkers, New York, United States","X48G+MW Yonkers, New York, United States"
65,Tio Nacho,+1 914-476-4000,"797 Yonkers Ave, Yonkers, NY 10704, United States","W4CP+VQ Yonkers, New York, United States",
66,Grill House,+1 914-476-4200,"326 S Broadway, Yonkers, NY 10705, United States","W4C3+WP Yonkers, New York, United States","W4C3+WP Yonkers, New York, United States"
67,Burke's Restaurant & Bar,+1 914-237-5137,"645 Bronx River Rd, Yonkers, NY 10704, United States","W5C3+P4 Yonkers, New York, United States","W5C3+P4 Yonkers, New York, United States"
68,Tacos El Poblano,+1 914-963-1111,"122 Nepperhan Ave, Yonkers, NY 10701, United States","W4J3+PP Yonkers, New York, United States","W4J3+PP Yonkers, New York, United States"
69,Eastchester Fish Gourmet,+1 914-725-3450,"837 White Plains Rd, Scarsdale, NY 10583, United States","X5GW+PX Scarsdale, NY, United States","X5GW+PX Scarsdale, NY, United States"
70,Burke's Restaurant & Bar,+1 914-237-5137,"645 Bronx River Rd, Yonkers, NY 10704, United States","W5C3+P4 Yonkers, New York, United States","W5C3+P4 Yonkers, New York, United States"
71,Liebman’s Deli,+1 718-548-4534,"552 W 235th St, The Bronx, NY 10463, United States","V3PR+54 The Bronx, New York, United States","V3PR+54 The Bronx, New York, United States"
72,Plaza Garibaldi,+1 914-375-7184,"134 Nepperhan Ave, Yonkers, NY 10701, United States","W4J3+VX Yonkers, New York, United States","W4J3+VX Yonkers, New York, United States"
73,Plaza Garibaldi,+1 914-375-7184,"134 Nepperhan Ave, Yonkers, NY 10701, United States","W4J3+VX Yonkers, New York, United States","W4J3+VX Yonkers, New York, United States"
74,Great Wall,+1 914-963-2920,"837 Midland Ave e, Yonkers, NY 10704, United States","W4PQ+55 Yonkers, New York, United States","W4PQ+55 Yonkers, New York, United States"
75,Park 143 Bistro & Fish,+1 914-337-5100,"143 Parkway Rd, Bronxville, NY 10708, United States","W5R7+GH Bronxville, Eastchester, NY, United States","W5R7+GH Bronxville, Eastchester, NY, United States"
76,Park 143 Bistro & Fish,+1 914-337-5100,"143 Parkway Rd, Bronxville, NY 10708, United States","W5R7+GH Bronxville, Eastchester, NY, United States","W5R7+GH Bronxville, Eastchester, NY, United States"
77,Scalini Osteria,+1 914-337-4935,"65 Pondfield Rd, Bronxville, NY 10708, United States","W5R8+8Q Bronxville, Eastchester, NY, United States","W5R8+8Q Bronxville, Eastchester, NY, United States"
78,Spice Village,+1 914-779-5400,"8 Columbus Ave, Tuckahoe, NY 10707, United States","X52F+75 Tuckahoe, Eastchester, NY, United States",
79,Lola On the Grill,+1 914-779-5652,"662 Tuckahoe Rd, Yonkers, NY 10710, United States","X534+99 Yonkers, New York, United States","X534+99 Yonkers, New York, United States"
80,Your Restaurant,+1 914-751-3303,"275 S Broadway, Yonkers, NY 10705, United States","W4F3+PP Yonkers, New York, United States","W4F3+PP Yonkers, New York, United States"
81,Nawab Pakistani Indian Cuisine,+1 914-909-9700,"2 Hudson St, Yonkers, NY 10701, United States","W4M2+77 Yonkers, New York, United States","W4M2+77 Yonkers, New York, United States"
82,Gino's Pizzeria,+1 914-423-5088,"439 S Broadway, Yonkers, NY 10705, United States","W493+98 Yonkers, New York, United States","W493+98 Yonkers, New York, United States"
83,Gino's Pizzeria,+1 914-423-5088,"439 S Broadway, Yonkers, NY 10705, United States","W493+98 Yonkers, New York, United States","W493+98 Yonkers, New York, United States"
84,Gino's Pizzeria,+1 914-423-5088,"439 S Broadway, Yonkers, NY 10705, United States","W493+98 Yonkers, New York, United States","W493+98 Yonkers, New York, United States"
85,Argonaut,+1 914-237-5055,"1084 Yonkers Ave, Yonkers, NY 10704, United States","W47V+86 Yonkers, New York, United States","W47V+86 Yonkers, New York, United States"
86,Angelina's,+1 914-779-7944,"97 Lake Ave, Tuckahoe, NY 10707, United States","X52C+97 Tuckahoe, Eastchester, NY, United States","X52C+97 Tuckahoe, Eastchester, NY, United States"
87,East Harbor,+1 914-961-0100,"1560 Central Park Ave, Yonkers, NY 10710, United States","X524+XH Yonkers, New York, United States","X524+XH Yonkers, New York, United States"
88,East Harbor,+1 914-961-0100,"1560 Central Park Ave, Yonkers, NY 10710, United States","X524+XH Yonkers, New York, United States","X524+XH Yonkers, New York, United States"
89,Yonkers Halal Fried Chicken,+1 914-377-4395,"801 Yonkers Ave, Yonkers, NY 10704, United States","W4CP+RR Yonkers, New York, United States","W4CP+RR Yonkers, New York, United States"
90,Accent,+1 914-965-1800,"631 McLean Ave, Yonkers, NY 10705, United States","W45C+M7 Yonkers, New York, United States","W45C+M7 Yonkers, New York, United States"
91,Cafe Hudson,+1 914-338-7542,"1 Van Der Donck St, Yonkers, NY 10701, United States","W3PW+5C Yonkers, New York, United States","W3PW+5C Yonkers, New York, United States"
92,Pizza Beat,+1 914-961-4456,"2575-B Central Park Ave, Yonkers, NY 10710, United States","X5PF+8C Yonkers, New York, United States","X5PF+8C Yonkers, New York, United States"
93,Irish Coffee Shop,+1 914-776-3309,"946 McLean Ave, Yonkers, NY 10704, United States","W43M+CC Yonkers, New York, United States","W43M+CC Yonkers, New York, United States"
94,Sergio's,+1 914-278-9771,"503 Fifth Ave, Village of Pelham, NY 10803, United States","W59V+GM Village of Pelham, Pelham, NY, United States",
95,Jewel of Himalaya,+1 914-874-5506,"751 Central Park Ave, Scarsdale, NY 10583, United States","X5WJ+VW Scarsdale, NY, United States",
96,Cafe Hudson,+1 914-338-7542,"1 Van Der Donck St, Yonkers, NY 10701, United States","W3PW+5C Yonkers, New York, United States","W3PW+5C Yonkers, New York, United States"
97,Sergio's,+1 914-278-9771,"503 Fifth Ave, Village of Pelham, NY 10803, United States","W59V+GM Village of Pelham, Pelham, NY, United States",
98,El Corral,+1 914-751-5541,"329 Saw Mill River Rd, Yonkers, NY 10701, United States","W4XF+67 Yonkers, New York, United States","W4XF+67 Yonkers, New York, United States"
99,Palisades Pizza & Pasta,+1 914-963-0127,"783 Palisade Ave, Yonkers, NY 10703, United States","X467+6V Yonkers, New York, United States",palisadepizzaandpastanyc.com
