,name,contact number,address1,address2,website
0,Key Food Marketplace,+1 914-308-3950,"1233 Nepperhan Ave, Yonkers, NY 10703, United States","X48G+9P Yonkers, New York, United States","X48G+9P Yonkers, New York, United States"
1,Key Food Marketplace,+1 914-308-3950,"1233 Nepperhan Ave, Yonkers, NY 10703, United States","X48G+9P Yonkers, New York, United States","X48G+9P Yonkers, New York, United States"
2,Cherry Valley Marketplace,+1 914-965-4467,"529 S Broadway #3256, Yonkers, NY 10705, United States","W473+W5 Yonkers, New York, United States",cherryvalleymarketplace.com
3,ACME Markets,+1 914-376-8755,"660 McLean Ave, Yonkers, NY 10704, United States","W45F+P9 Yonkers, New York, United States","W45F+P9 Yonkers, New York, United States"
4,Foodtown Express of Yonkers,+1 914-375-3960,"772 Palisade Ave, Yonkers, NY 10703, United States","X467+2W Yonkers, New York, United States","X467+2W Yonkers, New York, United States"
5,Foodtown of Linden St.,+1 914-965-8867,"70 Linden St, Yonkers, NY 10705, United States","W4M5+C9 Yonkers, New York, United States","W4M5+C9 Yonkers, New York, United States"
6,Shop Fair Supermarkets,+1 914-613-8112,"116 New Main St, Yonkers, NY 10701, United States","W4M3+84 Yonkers, New York, United States",shopfairsupermarkets.com
7,H Mart Yonkers,+1 914-500-6550,"1789 Central Park Ave, Yonkers, NY 10710, United States","X554+WV Yonkers, New York, United States","X554+WV Yonkers, New York, United States"
8,Ideal Fresh Market,+1 914-965-6717,"779 Yonkers Ave, Yonkers, NY 10704, United States","W4FP+2H Yonkers, New York, United States","W4FP+2H Yonkers, New York, United States"
9,Foodtown,+1 914-963-3512,"129 Lake Ave, Yonkers, NY 10703, United States","W4W7+V7 Yonkers, New York, United States","W4W7+V7 Yonkers, New York, United States"
10,Ideal Food Basket,+1 914-375-0031,"230 S Broadway, Yonkers, NY 10705, United States","W4G3+5R Yonkers, New York, United States","W4G3+5R Yonkers, New York, United States"
11,ShopRite of Greenway Plaza,+1 914-376-5429,"25-43 Prospect St, Yonkers, NY 10701, United States","W3MX+5P Yonkers, New York, United States","W3MX+5P Yonkers, New York, United States"
12,ShopRite of Tuckahoe,+1 914-793-2214,"278 Tuckahoe Rd, Tuckahoe, NY 10710, United States","X43R+CF Tuckahoe, Eastchester, NY, United States","X43R+CF Tuckahoe, Eastchester, NY, United States"
13,Adepa Foods. African Caribbean Market,+1 914-613-7543,"207 Nepperhan Ave, Yonkers, NY 10701, United States","W4M5+R2 Yonkers, New York, United States",+1 914-613-7543
14,NSA Supermarkets,+1 646-945-3716,"230 S Broadway, Yonkers, NY 10705, United States","W4G3+5V Yonkers, New York, United States",+1 646-945-3716
15,Supermarket Check-Out,+1 800-709-7227,"50 Landscape Ave, Yonkers, NY 10705, United States","W474+H7 Yonkers, New York, United States",+1 800-709-7227
16,Superior Market,+1 914-966-0164,"208 Saratoga Ave, Yonkers, NY 10705, United States","W464+9W Yonkers, New York, United States",superiorgrocers.com
17,La More Supermarkets,+1 914-969-1233,"356 S Broadway, Yonkers, NY 10705, United States","W4C3+FM Yonkers, New York, United States",+1 914-969-1233
18,Stop & Shop,+1 914-378-9312,"111 Vredenburgh Ave, Yonkers, NY 10704, United States","W4GX+F8 Yonkers, New York, United States","W4GX+F8 Yonkers, New York, United States"
19,373 Warburton Grocery,+1 914-968-3538,"373 Warburton Ave, Yonkers, NY 10701, United States","W4X3+F9 Yonkers, New York, United States",+1 914-968-3538
20,Food Bazaar Supermarket,+1 914-530-2002,"1 Bogopa Plaza, Mt Vernon, NY 10550, United States","W558+C4 Mt Vernon, Pelham, NY, United States","W558+C4 Mt Vernon, Pelham, NY, United States"
21,373 Warburton Grocery,+1 914-968-3538,"373 Warburton Ave, Yonkers, NY 10701, United States","W4X3+F9 Yonkers, New York, United States",+1 914-968-3538
22,Delgado's Grocery,+1 914-969-4869,"85 Yonkers Ave, Yonkers, NY 10701, United States","W4P7+58 Yonkers, New York, United States",+1 914-969-4869
23,ALDI,+1 855-955-2534,"5532 Broadway, The Bronx, NY 10463, United States","V3HW+44 The Bronx, New York, United States","V3HW+44 The Bronx, New York, United States"
24,Lockwood Super Market,Add phone number,"156 Lockwood Ave, Yonkers, NY 10701, United States","W4XJ+7W Yonkers, New York, United States",Claim this business
25,Key Food Supermarkets,+1 718-548-7990,"5661 Riverdale Ave, The Bronx, NY 10471, United States","W34W+C2 New York, United States","W34W+C2 New York, United States"
26,Royal City Bazaar,+1 914-793-9797,"1717 Central Park Ave, Yonkers, NY 10710, United States","X554+6J Yonkers, New York, United States",+1 914-793-9797
27,Mina & Rabadi Supermarket,+1 914-963-6161,"454 S Broadway, Yonkers, NY 10705, United States","W493+4C Yonkers, New York, United States",+1 914-963-6161
28,A & H Candy & Grocery Corporation,+1 914-968-0398,"347 S Broadway, Yonkers, NY 10705, United States","W4C3+MH Yonkers, New York, United States",+1 914-968-0398
29,SAM'S DELI AND GROCERY,+1 914-226-8138,"19 Tuckahoe Rd, Yonkers, NY 10710, United States","X44J+C2 Yonkers, New York, United States",samsyonkersdeli.business.site
30,Key Food Supermarkets,+1 718-882-7265,"4171 White Plains Rd, The Bronx, NY 10466, United States","V4VR+6V New York, United States","V4VR+6V New York, United States"
31,La Conasupo Mexicana,+1 914-476-4337,"222 New Main St, Yonkers, NY 10701, United States","W4J3+CP Yonkers, New York, United States",+1 914-476-4337
32,Bryn Mawr IGA,+1 914-965-7984,"146 Lockwood Ave, Yonkers, NY 10701, United States","W4XJ+7M Yonkers, New York, United States",+1 914-965-7984
33,CTown Supermarkets,+1 718-562-9090,"5249 Broadway, The Bronx, NY 10463, United States","V3GR+8G The Bronx, New York, United States","V3GR+8G The Bronx, New York, United States"
34,27 Pier Street Grocery Corporation,+1 914-423-0215,"27 Pier St, Yonkers, NY 10705, United States","W3FX+92 Yonkers, New York, United States",+1 914-423-0215
35,Key Food Supermarkets,+1 718-548-9504,"540 W 235th St, The Bronx, NY 10463, United States","V3PR+47 New York, United States","V3PR+47 New York, United States"
36,Garden Deli Grocery Inc,+1 914-237-3020,"1195 Yonkers Ave, Yonkers, NY 10704, United States","W48X+27 Yonkers, New York, United States",+1 914-237-3020
37,Market Irish Food,+1 914-237-5432,"945 McLean Ave, Yonkers, NY 10704, United States","W43M+97 Yonkers, New York, United States",+1 914-237-5432
38,Caribbean Supermarket,+1 914-665-3737,"223 W 1st St, Mt Vernon, NY 10550, United States","W553+P8 Mt Vernon, Pelham, NY, United States",+1 914-665-3737
39,Foodtown of White Plains Road,+1 718-324-0960,"4332 White Plains Rd, The Bronx, NY 10466, United States","V4WV+FQ The Bronx, New York, United States","V4WV+FQ The Bronx, New York, United States"
40,Riverdale Kosher Market,+1 718-884-2222,"5683 Riverdale Ave, The Bronx, NY 10471, United States","W34W+Q3 The Bronx, New York, United States","W34W+Q3 The Bronx, New York, United States"
41,Morton Williams Supermarkets,+1 718-933-5910,"15 E Kingsbridge Rd, The Bronx, NY 10468, United States","V483+X8 The Bronx, New York, United States","V483+X8 The Bronx, New York, United States"
42,Foodtown of Boston Post Road,+1 718-682-7301,"3471 Boston Post Rd, The Bronx, NY 10469, United States","V5G2+QV The Bronx, New York, United States","V5G2+QV The Bronx, New York, United States"
43,Food Universe Marketplace,+1 718-231-0981,"3942 White Plains Rd, The Bronx, NY 10466, United States","V4PQ+QQ New York, United States","V4PQ+QQ New York, United States"
44,Met Foodmarkets,+1 718-329-0416,"277 E 198th St, The Bronx, NY 10458, United States","V496+FP New York, United States","V496+FP New York, United States"
45,Cherry Valley Marketplace,+1 347-899-8500,"801 E Gun Hill Rd, The Bronx, NY 10467, United States","V4GQ+99 The Bronx, New York, United States","V4GQ+99 The Bronx, New York, United States"
46,Bravo Supermarkets,+1 718-432-1136,"184 W 231st St, The Bronx, NY 10463, United States","V3HW+98 The Bronx, New York, United States",bravosupermarkets.com
47,Associated Supermarkets,+1 718-653-3460,"4141 Laconia Ave, The Bronx, NY 10466, United States","V5Q3+85 The Bronx, New York, United States",shopassociated.com
48,Associated Supermarkets,+1 718-543-6996,"125 W Kingsbridge Rd, The Bronx, NY 10468, United States","V39W+JW The Bronx, New York, United States",shopassociated.com
49,Foodtown of Riverdale,+1 718-543-8700,"5555 Broadway, The Bronx, NY 10463, United States","V3HV+CV The Bronx, New York, United States","V3HV+CV The Bronx, New York, United States"
50,DeCicco & Sons Pelham,+1 914-738-1377,"43 Fifth Ave, Village of Pelham, NY 10803, United States","W56R+Q6 Village of Pelham, Pelham, NY, United States","W56R+Q6 Village of Pelham, Pelham, NY, United States"
51,Nunez Superette,+1 914-423-8740,"147 McLean Ave, Yonkers, NY 10705, United States","W485+9P Yonkers, New York, United States",+1 914-423-8740
52,Foodtown of Mount Vernon,+1 914-667-6100,"31 E Prospect Ave, Mt Vernon, NY 10550, United States","W577+6M Mt Vernon, Pelham, NY, United States","W577+6M Mt Vernon, Pelham, NY, United States"
53,Trader Joe's,+1 914-472-2988,"727 White Plains Rd, Scarsdale, NY 10583, United States","X5CW+W3 Scarsdale, NY, United States","X5CW+W3 Scarsdale, NY, United States"
54,Foodtown of Bainbridge,+1 718-882-7865,"283 E 204th St, The Bronx, NY 10467, United States","V4FC+CF The Bronx, New York, United States","V4FC+CF The Bronx, New York, United States"
55,Palma Nueva Corporation,+1 718-405-1827,"3471 Boston Rd, The Bronx, NY 10469, United States","V5G2+PR New York, United States",finefaresupermarkets.com
56,CTown Supermarkets,+1 718-543-0497,"5686 Mosholu Ave, The Bronx, NY 10471, United States","W34X+4H The Bronx, New York, United States","W34X+4H The Bronx, New York, United States"
57,La Placita Food Market,+1 914-699-1266,"1 Park Ave, Mt Vernon, NY 10550, United States","W578+4F Mt Vernon, Pelham, NY, United States",+1 914-699-1266
58,Fine Fare Supermarkets,+1 718-881-8600,"4725 White Plains Rd, The Bronx, NY 10470, United States","W43X+JX New York, United States","W43X+JX New York, United States"
59,Stop & Shop,+1 914-337-6670,"420 White Plains Rd, Eastchester, NY 10709, United States","X54P+4J Eastchester, NY, United States","X54P+4J Eastchester, NY, United States"
60,Fairway Market Pelham,+1 914-712-0011,"847 Pelham Pkwy, Pelham, NY 10803, United States","V5VH+4P Pelham, Village of Pelham, NY, United States","V5VH+4P Pelham, Village of Pelham, NY, United States"
61,Foodtown of White Plains,+1 718-324-0960,"3734 White Plains Rd, The Bronx, NY 10467, United States","V4JP+WQ The Bronx, New York, United States","V4JP+WQ The Bronx, New York, United States"
62,ShopRite of Scarsdale,+1 914-874-2973,"955 Central Park Ave, Scarsdale, NY 10583, United States","X5RG+QP Scarsdale, NY, United States","X5RG+QP Scarsdale, NY, United States"
63,Key Food Supermarkets,Add phone number,"3515 Jerome Ave, The Bronx, NY 10467, United States","V4J9+X6 New York, United States","V4J9+X6 New York, United States"
64,Fine Fare Supermarkets,+1 718-231-4124,"3315 White Plains Rd, The Bronx, NY 10467, United States","V4FM+C3 New York, United States","V4FM+C3 New York, United States"
65,Food Universe Marketplace,+1 212-304-1200,"5069 Broadway, New York, NY 10034, United States","V3CM+7W New York, United States",keyfood.com
66,Fine Fare Supermarkets,+1 718-231-1100,"3550 White Plains Rd # B, The Bronx, NY 10467, United States","V4HM+8R The Bronx, New York, United States","V4HM+8R The Bronx, New York, United States"
67,Bangla Town Supermarket,+1 718-759-6796,"3566B Jerome Ave, The Bronx, NY 10467, United States","V4MC+V5 New York, United States",+1 718-759-6796
68,ACME Markets,+1 914-793-1001,"12 Cedar St, Bronxville, NY 10708, United States","W5Q8+GC Bronxville, Eastchester, NY, United States","W5Q8+GC Bronxville, Eastchester, NY, United States"
69,45 D & D Deli Grocery,+1 914-226-8366,"45 St Josephs Ave, Yonkers, NY 10703, United States","W4R5+HJ Yonkers, New York, United States",+1 914-226-8366
70,CTown Supermarkets,+1 718-933-2734,"30 E 198th St, The Bronx, NY 10468, United States","V4C5+73 The Bronx, New York, United States","V4C5+73 The Bronx, New York, United States"
71,D & J Supermarket,+1 718-515-5314,"380 E 205th St, The Bronx, NY 10467, United States","V4FF+5V New York, United States",+1 718-515-5314
72,Dhaka Supermarket and Halal Meat,+1 718-798-1480,"369 E 204th St, The Bronx, NY 10467, United States","V4CF+M5 The Bronx, New York, United States",dhakagro.com
73,Cherry Valley Marketplace,+1 718-364-0101,"2870 Webster Ave #3013, The Bronx, NY 10458, United States","V488+JF The Bronx, New York, United States","V488+JF The Bronx, New York, United States"
74,Pioneer Supermarkets,+1 718-994-9813,"3035 White Plains Rd, The Bronx, NY 10467, United States","V4CM+42 The Bronx, New York, United States","V4CM+42 The Bronx, New York, United States"
75,Top Tomato Super Store,+1 914-965-4700,"420 S Broadway, Yonkers, NY 10705, United States","W493+HQ Yonkers, New York, United States",toptomatosuperstore.com
76,CTown Supermarkets,+1 718-547-6417,"4265 Katonah Ave, The Bronx, NY 10470, United States","V4WM+W2 The Bronx, New York, United States","V4WM+W2 The Bronx, New York, United States"
77,Fine Fare Supermarkets,+1 718-652-8456,"1199 E 233rd St, The Bronx, NY 10466, United States","V5Q4+PF New York, United States","V5Q4+PF New York, United States"
78,CTown Supermarkets,+1 718-652-5451,"3970 Laconia Ave, The Bronx, NY 10466, United States","V5M2+H9 The Bronx, New York, United States","V5M2+H9 The Bronx, New York, United States"
79,Deli,+1 914-414-0522,"177 W Lincoln Ave, Mt Vernon, NY 10550, United States","W574+QJ Mt Vernon, Pelham, NY, United States",+1 914-414-0522
80,CTown Supermarkets,+1 718-548-1299,"2891 Sedgwick Ave, The Bronx, NY 10468, United States","V3FX+X9 The Bronx, New York, United States","V3FX+X9 The Bronx, New York, United States"
81,C & A West Indian Supermarket Fish & Grocery,Add phone number,"The Bronx, NY 10469, United States","V5G2+G8 New York, United States",Claim this business
82,Williams Grocery Corp.,+1 929-290-8500,"257 Dyckman St, New York, NY 10034, United States","V38C+MM New York, United States",mortonwilliams.com
83,Fine Fare Supermarkets,+1 347-899-8058,"320 E Gun Hill Rd, The Bronx, NY 10467, United States","V4HG+FG New York, United States","V4HG+FG New York, United States"
84,The Fresh Market,+1 914-723-6600,"723 White Plains Rd, Scarsdale, NY 10583, United States","X5CV+JH Scarsdale, NY, United States","X5CV+JH Scarsdale, NY, United States"
85,King of Kings African Market,Add phone number,"4234 White Plains Rd, The Bronx, NY 10466, United States","V4VV+Q9 New York, United States",Claim this business
86,Mr Super Food Corporation,+1 718-933-2734,"30 E 198th St, The Bronx, NY 10468, United States","V4C5+72 New York, United States",+1 718-933-2734
87,LUPITAS MEXICAN GROCERY II INC,+1 718-708-7780,"654 East 233rd Street #10-11, The Bronx, NY 10466, United States","V4VR+FC The Bronx, New York, United States",+1 718-708-7780
88,Supermarket,Add phone number,"865 E 219th St, The Bronx, NY 10467, United States","V4JR+QW New York, United States",Claim this business
89,Garden Gourmet Market,+1 718-796-4209,"5665 Broadway, The Bronx, NY 10463, United States","V3JW+FH The Bronx, New York, United States","V3JW+FH The Bronx, New York, United States"
90,key food,+1 914-963-6473,"500 Odell Ave, Yonkers, NY 10703, United States","X48G+HR Yonkers, New York, United States",+1 914-963-6473
91,Fine Fare Supermarkets,+1 718-295-5177,"3131 Grand Concourse # 1, The Bronx, NY 10468, United States","V4G7+28 New York, United States","V4G7+28 New York, United States"
92,Key Food Supermarkets,+1 718-655-4111,"2711 White Plains Rd, The Bronx, NY 10467, United States","V48J+CW New York, United States","V48J+CW New York, United States"
93,El Rancho Farmers Market,Add phone number,"200 Ashburton Ave, Yonkers, NY 10701, United States","W4WH+6X Yonkers, New York, United States",
94,El Rancho Farmers Market,Add phone number,"200 Ashburton Ave, Yonkers, NY 10701, United States","W4Q6+MM Yonkers, New York, United States",Claim this business
95,S & A Laconia Grocery,+1 347-326-5686,"3952 Laconia Ave, The Bronx, NY 10466, United States","V5M2+C6 New York, United States",+1 347-326-5686
96,Stop & Shop,+1 914-663-8752,"240 E Sandford Blvd, Mt Vernon, NY 10550, United States","W52G+85 Mt Vernon, Pelham, NY, United States","W52G+85 Mt Vernon, Pelham, NY, United States"
97,Royal African & Caribbean Foods,+1 718-620-8000,"2957 Webster Ave, The Bronx, NY 10458, United States","V498+3M The Bronx, New York, United States",royacshop.com
98,Manor Market,+1 914-636-2208,"4779 Boston Post Rd, Pelham, NY 10803, United States","V5WW+V6 Pelham Manor, Pelham, NY, United States",+1 914-636-2208
99,Broadway Deals,+1 347-431-9477,"52 37 Broadway, The Bronx, NY 10463, United States","V3GR+5C New York, United States",+1 347-431-9477
